Network,EVM,Layer,DEXS number,DEXs,Protocols number,Launch date,TVL,Chain ID,Website,safe_protofire,safe_exists,uniswap_fork,uniswap_version,dex_notes,website_found,project_description,why_good_fit,outreach_case,tg_cold,tg_followup,li_connect,li_first,li_followup,research_notes
Eteria,EVM,L1,1 vol≠tvl,Eteria,1,—,—,140,—,NO,NO,UNCLEAR,—,Eteria: UNCLEAR — No DEX docs or listing found; existence of a native AMM unconfirmed.,https://eteria.io,"EVM-compatible general-purpose L1 (native token ERA) marketed as low-cost, fast infrastructure for smart contracts and dApps.","Very early, no tracked TVL and an unverified DEX — low immediate value, but a greenfield chain with zero canonical DeFi infra is exactly where a Safe + canonical Uniswap stack can define the ecosystem from day one.",CASE_6,"hey [Name], Vic from Protofire DAO — we deploy core DeFi infra for EVM chains. had a look at Eteria and saw a general-purpose EVM L1 still building out its DeFi base layer. curious what it's built on under the hood? depending on the stack there might be a straightforward path to canonical Uniswap DAO recognition, which gets you prioritized by aggregators like 1inch and adds the official DAO badge. if there isn't a canonical AMM yet, getting a proper Uniswap stack + Safe in early is what makes builders and liquidity take a new L1 seriously. we've done this for BOB, Abstract, Nibiru and others. if it's already a Uniswap fork we can potentially work with what you have. worth a quick chat?","hey [Name], following up — even a quick note on what Eteria runs on would help me tell you if there's a clean path to canonical recognition for Eteria. no pressure.",Hi [Name] — Vic at Protofire DAO. Curious what Eteria's DEX runs on under the hood — there may be a clean path to canonical Uniswap DAO recognition. Worth a chat?,"Thanks for connecting, [Name]. Saw a general-purpose EVM L1 still building out its DeFi base layer on Eteria. if there isn't a canonical AMM yet, getting a proper Uniswap stack + Safe in early is what makes builders and liquidity take a new L1 seriously. Curious what it's built on — depending on the stack there may be a straightforward path to canonical Uniswap DAO recognition (aggregator prioritization + official badge). We've done this for BOB, Abstract, Nibiru. If it's already a Uniswap fork we can work with what you have. Worth a quick chat?","Hey [Name], no rush — if you can point me to Eteria's docs or repo I can tell you quickly whether canonical recognition is on the table for Eteria. Happy either way.","DEX 'Eteria' unverified — confirm a real AMM exists before outreach. No TVL, no chain_id match. Low priority."
Fluent,EVM,L2,1,FluxFlow V3,3,2026-05-13,"$7,100,124",25363,site,NO,YES,YES,V3,FluxFlow V3: YES/V3 — DefiLlama lists FluxFlow V3; CMC dexscan tags pools as Uniswap v3; site markets concentrated liquidity + tiered fees.,https://www.fluent.xyz,"Ethereum L2 'blended execution' network running EVM, SVM and Wasm natively in one unified zkVM environment.","~$7.1M TVL and Safe already on-chain, but its only DEX (FluxFlow) is a non-canonical Uniswap v3 fork. Strong fit for a canonical-DAO-recognition play so aggregators like 1inch prioritize the chain.",CASE_6,"hey [Name], Vic from Protofire DAO — we deploy core DeFi infra for EVM chains. had a look at Fluent and saw FluxFlow already runs a Uniswap-v3-style DEX, and Safe is live on Fluent. curious what it's built on under the hood? depending on the stack there might be a straightforward path to canonical Uniswap DAO recognition, which gets you prioritized by aggregators like 1inch and adds the official DAO badge. since you're a multi-VM chain courting serious builders, a canonical Uniswap v3 (officially DAO-recognized) is what gets you prioritized by aggregators and treated as blue-chip infra. we've done this for BOB, Abstract, Nibiru and others. if it's already a Uniswap fork we can potentially work with what you have. worth a quick chat?","hey [Name], following up — even a quick note on what FluxFlow V3 runs on would help me tell you if there's a clean path to canonical recognition for Fluent. no pressure.",Hi [Name] — Vic at Protofire DAO. Curious what Fluent's DEX runs on under the hood — there may be a clean path to canonical Uniswap DAO recognition. Worth a chat?,"Thanks for connecting, [Name]. Saw FluxFlow already runs a Uniswap-v3-style DEX, and Safe is live on Fluent on Fluent. since you're a multi-VM chain courting serious builders, a canonical Uniswap v3 (officially DAO-recognized) is what gets you prioritized by aggregators and treated as blue-chip infra. Curious what it's built on — depending on the stack there may be a straightforward path to canonical Uniswap DAO recognition (aggregator prioritization + official badge). We've done this for BOB, Abstract, Nibiru. If it's already a Uniswap fork we can work with what you have. Worth a quick chat?","Hey [Name], no rush — if you can point me to FluxFlow V3's docs or repo I can tell you quickly whether canonical recognition is on the table for Fluent. Happy either way.","Already has a Uniswap v3 fork (FluxFlow) + Safe present. Angle = canonical DAO recognition, not greenfield. CASE_6."
Etica,EVM,L1,1 vol≠tvl,EticaHub,1,2026-05-12,"$29,363",61803,—,NO,NO,YES,V2,EticaHub: YES/V2 — Described as a Uniswap-V2-style AMM (EticaSwap) modified so every pair routes through ETX as a hub asset.,https://www.eticaprotocol.org,EVM L1 focused on decentralized/open medical research (DeSci) — on-chain peer review and funding of research with EGAZ incentives.,Running a Uniswap-V2-style AMM with no V3. A V3 concentrated-liquidity layer would deepen its thin ETX-hub liquidity and attract active LPs to a niche DeSci economy.,CASE_5,"hey [Name], Vic from Protofire DAO. looked at Etica's DEX setup — you've got EticaHub running on V2 which is solid, but no V3 yet. worth considering: V3's concentrated liquidity attracts a different class of LPs — active managers and yield optimizers. V2 is great for passive liquidity, but V3 is what pulls in sophisticated market makers. for a research-funding token economy, V3 concentrated liquidity would let market makers hold tighter ETX spreads instead of the thin V2 pools you have now. we've deployed V3 on 12+ chains and can layer it on top of your existing V2 — same familiar UI, same stack, just more powerful. usually 2–4 weeks. open to a quick chat?","hey [Name], circling back on the V3 idea for Etica — we can layer it on EticaHub without disrupting your current V2 pools. want me to send a quick scope?",Hi [Name] — Vic at Protofire DAO. Etica has EticaHub on V2 but no V3 yet; V3 is what pulls in active LPs/market makers. We can layer it on. Worth a chat?,"Thanks for connecting, [Name]. Saw Etica runs EticaHub on V2 — solid, but no V3. for a research-funding token economy, V3 concentrated liquidity would let market makers hold tighter ETX spreads instead of the thin V2 pools you have now. V3's concentrated liquidity brings in active managers and yield optimizers that V2 alone won't. We've deployed V3 on 12+ chains and can layer it on your existing V2 (same UI, ~2–4 weeks). Open to a quick chat?","Hey [Name], no rush — whenever you want to give Etica's LPs a V3 option on top of EticaHub, it's a clean add-on for us. Happy to share how it went on other chains.","Niche DeSci chain, low TVL. V2->V3 pitch valid but small deal size."
Igra,EVM,L1,2,"ZealousSwap, KaspaCom Dex",3,2026-04-08,"$636,179",38833,—,NO,YES,YES;YES,V2;V2,"ZealousSwap: YES/V2 — Multiple sources call it a Uniswap v2 DEX (single pool per pair, 0.3% fee); first DEX on Igra. | KaspaCom Dex: YES/V2 — KaspaCom swap SDK on npm explicitly 'powered by Uniswap V2', supports Igra mainnet.",https://igralabs.com,"Decentralized EVM execution layer/rollup on Kaspa's PoW BlockDAG (gas token iKAS, wrapped from KAS); sub-second finality, launched mainnet 2026.","Fresh Kaspa-EVM chain with ~$636K TVL and Safe already on-chain, but both DEXes are Uniswap V2 only. Prime V2->V3 upgrade candidate as Kaspa DeFi liquidity ramps.",CASE_5,"hey [Name], Vic from Protofire DAO. looked at Igra's DEX setup — you've got ZealousSwap, KaspaCom Dex running on V2 which is solid, but no V3 yet. worth considering: V3's concentrated liquidity attracts a different class of LPs — active managers and yield optimizers. V2 is great for passive liquidity, but V3 is what pulls in sophisticated market makers. as Kaspa liquidity flows into Igra, V3 concentrated liquidity is what lets your MMs quote KAS/iKAS pairs efficiently instead of spreading capital thin across V2 curves. we've deployed V3 on 12+ chains and can layer it on top of your existing V2 — same familiar UI, same stack, just more powerful. usually 2–4 weeks. open to a quick chat?","hey [Name], circling back on the V3 idea for Igra — we can layer it on ZealousSwap, KaspaCom Dex without disrupting your current V2 pools. want me to send a quick scope?","Hi [Name] — Vic at Protofire DAO. Igra has ZealousSwap, KaspaCom Dex on V2 but no V3 yet; V3 is what pulls in active LPs/market makers. We can layer it on. Worth a chat?","Thanks for connecting, [Name]. Saw Igra runs ZealousSwap, KaspaCom Dex on V2 — solid, but no V3. as Kaspa liquidity flows into Igra, V3 concentrated liquidity is what lets your MMs quote KAS/iKAS pairs efficiently instead of spreading capital thin across V2 curves. V3's concentrated liquidity brings in active managers and yield optimizers that V2 alone won't. We've deployed V3 on 12+ chains and can layer it on your existing V2 (same UI, ~2–4 weeks). Open to a quick chat?","Hey [Name], no rush — whenever you want to give Igra's LPs a V3 option on top of ZealousSwap, KaspaCom Dex, it's a clean add-on for us. Happy to share how it went on other chains.",Both DEXes V2-only. Safe present (chain_id 38833 in v1.5.0). Good V2->V3 lead.
BCHyper,EVM,L1,1,BCSwap,1,2026-04-08,"$35,227",3030,—,NO,NO,UNCLEAR,—,BCSwap: UNCLEAR — Confirmed as the official DEX of BC Hyper Chain but no technical info on fork/version.,https://versatizecoin.com,EVM L1 marketed as 'India's first indigenous' energy-efficient blockchain (native token VTCN).,Small regional-focus chain; DEX architecture unknown. Exploratory conversation to learn what BCSwap runs on before pitching anything concrete.,CASE_6,"hey [Name], Vic from Protofire DAO — we deploy core DeFi infra for EVM chains. had a look at BCHyper and saw BCSwap is your official DEX but its underlying stack isn't public. curious what it's built on under the hood? depending on the stack there might be a straightforward path to canonical Uniswap DAO recognition, which gets you prioritized by aggregators like 1inch and adds the official DAO badge. depending on what BCSwap is built on, there may be a clean path to a canonical Uniswap deployment that gives an emerging-market chain real aggregator visibility. we've done this for BOB, Abstract, Nibiru and others. if it's already a Uniswap fork we can potentially work with what you have. worth a quick chat?","hey [Name], following up — even a quick note on what BCSwap runs on would help me tell you if there's a clean path to canonical recognition for BCHyper. no pressure.",Hi [Name] — Vic at Protofire DAO. Curious what BCHyper's DEX runs on under the hood — there may be a clean path to canonical Uniswap DAO recognition. Worth a chat?,"Thanks for connecting, [Name]. Saw BCSwap is your official DEX but its underlying stack isn't public on BCHyper. depending on what BCSwap is built on, there may be a clean path to a canonical Uniswap deployment that gives an emerging-market chain real aggregator visibility. Curious what it's built on — depending on the stack there may be a straightforward path to canonical Uniswap DAO recognition (aggregator prioritization + official badge). We've done this for BOB, Abstract, Nibiru. If it's already a Uniswap fork we can work with what you have. Worth a quick chat?","Hey [Name], no rush — if you can point me to BCSwap's docs or repo I can tell you quickly whether canonical recognition is on the table for BCHyper. Happy either way.","Fork status unknown. Low TVL, regional. Exploratory only."
QIE,EVM,L1,1,QIEDex,2,2026-03-10,"$145,925",1990,—,NO,NO,YES,V2,"QIEDex: YES/V2 — Launch release calls it a 'Uniswap-style platform' with 0.3% LP fees and UNI-like governance token — V2 hallmarks, no V3 features mentioned.",https://www.qie.digital,"High-performance EVM (+Cosmos SDK) L1 branding itself the 'Identity Layer of Web3' — fast onboarding, high TPS, near-zero fees.","Uniswap-V2-style DEX, no V3. Identity-focused L1 wanting to look mature to institutions — a canonical V3 upgrade strengthens that positioning.",CASE_5,"hey [Name], Vic from Protofire DAO. looked at QIE's DEX setup — you've got QIEDex running on V2 which is solid, but no V3 yet. worth considering: V3's concentrated liquidity attracts a different class of LPs — active managers and yield optimizers. V2 is great for passive liquidity, but V3 is what pulls in sophisticated market makers. for a chain positioning around identity and institutional onboarding, a canonical V3 signals DeFi maturity to the partners you're courting. we've deployed V3 on 12+ chains and can layer it on top of your existing V2 — same familiar UI, same stack, just more powerful. usually 2–4 weeks. open to a quick chat?","hey [Name], circling back on the V3 idea for QIE — we can layer it on QIEDex without disrupting your current V2 pools. want me to send a quick scope?",Hi [Name] — Vic at Protofire DAO. QIE has QIEDex on V2 but no V3 yet; V3 is what pulls in active LPs/market makers. We can layer it on. Worth a chat?,"Thanks for connecting, [Name]. Saw QIE runs QIEDex on V2 — solid, but no V3. for a chain positioning around identity and institutional onboarding, a canonical V3 signals DeFi maturity to the partners you're courting. V3's concentrated liquidity brings in active managers and yield optimizers that V2 alone won't. We've deployed V3 on 12+ chains and can layer it on your existing V2 (same UI, ~2–4 weeks). Open to a quick chat?","Hey [Name], no rush — whenever you want to give QIE's LPs a V3 option on top of QIEDex, it's a clean add-on for us. Happy to share how it went on other chains.",V2-only per launch materials; not contract-verified. Small TVL.
Doma,EVM,L2,1,Doma DEX V3,2,2026-02-25,"$520,772",97477,site,NO,YES,YES,V3,Doma DEX V3: YES/V3 — Doma docs state 'Uniswap V3 deployed on Doma Chain' powers fractional-token liquidity.,https://doma.xyz,OP-Stack Ethereum L2 for tokenizing internet domain names as tradable/fractionalizable on-chain RWAs ('DomainFi').,"~$521K TVL, Safe on-chain, and already runs a Uniswap V3 deployment for domain fractionalization. Fit = canonical DAO recognition + deeper routing/graph tooling around the existing V3.",CASE_6,"hey [Name], Vic from Protofire DAO — we deploy core DeFi infra for EVM chains. had a look at Doma and saw you've already deployed Uniswap V3 to power domain-token fractionalization, and Safe is live. curious what it's built on under the hood? depending on the stack there might be a straightforward path to canonical Uniswap DAO recognition, which gets you prioritized by aggregators like 1inch and adds the official DAO badge. since fractionalized-domain tokens live or die on liquidity depth, canonical DAO recognition + a proper routing/graph stack around your V3 would tighten pricing and pull in aggregator flow. we've done this for BOB, Abstract, Nibiru and others. if it's already a Uniswap fork we can potentially work with what you have. worth a quick chat?","hey [Name], following up — even a quick note on what Doma DEX V3 runs on would help me tell you if there's a clean path to canonical recognition for Doma. no pressure.",Hi [Name] — Vic at Protofire DAO. Curious what Doma's DEX runs on under the hood — there may be a clean path to canonical Uniswap DAO recognition. Worth a chat?,"Thanks for connecting, [Name]. Saw you've already deployed Uniswap V3 to power domain-token fractionalization, and Safe is live on Doma. since fractionalized-domain tokens live or die on liquidity depth, canonical DAO recognition + a proper routing/graph stack around your V3 would tighten pricing and pull in aggregator flow. Curious what it's built on — depending on the stack there may be a straightforward path to canonical Uniswap DAO recognition (aggregator prioritization + official badge). We've done this for BOB, Abstract, Nibiru. If it's already a Uniswap fork we can work with what you have. Worth a quick chat?","Hey [Name], no rush — if you can point me to Doma DEX V3's docs or repo I can tell you quickly whether canonical recognition is on the table for Doma. Happy either way.",Already has Uniswap V3 + Safe. CASE_6 canonical-recognition angle. Novel RWA use case.
Pepu,EVM,L1,1 vol≠tvl,Pepu V3,1,2026-01-26,"$75,526",97741,—,NO,NO,YES,V3,"Pepu V3: YES/V3 — Branded 'Pepu V3', described as Pepe Unchained's Uniswap-equivalent; official docs page 403-blocked so not contract-confirmed.",https://pepeunchained.com,Meme-focused Ethereum L2 (token $PEPU) built for cheap/fast trading with its own DEX and meme-coin launchpad.,Has a Uniswap-v3-style DEX but NO Safe multisig and low (~$76K) TVL. The real gap is Safe — meme L2 treasuries/LPs need multisig custody before serious capital arrives.,CASE_4,"hey [Name], Vic from Protofire DAO. been following Pepu and had a look at the stack. you've got a V3-style DEX (Pepu V3) but no Safe multisig on the chain yet. at this stage the highest-leverage move is probably a proper Safe deployment — it's what signals to protocols, DAOs and bridges that a chain is serious, and it unlocks the kind of TVL that makes a DEX worth running. a meme-L2 treasury and its LP incentive pools really shouldn't sit behind an EOA — a proper Safe is table-stakes before bigger market makers commit. we've deployed Safe for 130+ networks including Gnosis and others — fast to ship, low friction. open to a quick chat?","hey [Name], following up on the Safe idea for Pepu — genuinely low-lift on our end, and it's the piece bridges/protocols look for first. worth a quick call?","Hi [Name] — Vic at Protofire DAO. For Pepu, a proper Safe multisig is probably the highest-leverage next step to signal you're serious. Open to a chat?","Thanks for connecting, [Name]. Had a look at Pepu — you've got a V3-style DEX (Pepu V3) but no Safe multisig on the chain yet. At this stage a proper Safe is the move: it's what protocols, DAOs and bridges look for, and it unlocks the TVL that makes a DEX worth running. a meme-L2 treasury and its LP incentive pools really shouldn't sit behind an EOA — a proper Safe is table-stakes before bigger market makers commit. We've deployed Safe for 130+ networks — fast, low friction. Open to a quick chat?","Hey [Name], no pressure — the Safe deploy is quick and low-cost, and it's usually the unlock for the next stage of an ecosystem. Here whenever you want to scope it.",Has V3 DEX already; gap is Safe (chain_id 97741 not in safe-deployments). Pitch Safe -> CASE_4.
Althea,EVM,L1,1,Althea DEX,1,2026-01-12,$718,258432,—,NO,NO,NO,—,"Althea DEX (iFi): NO — iFi DEX was forked from Ambient (single-contract DEX), NOT Uniswap; explicitly contrasts itself with Uniswap v3.",https://www.althea.net,Cosmos-SDK hybrid-EVM L1 for infrastructure/connectivity — 'Liquid Infrastructure' tokenizing telecom/broadband assets and micropayments.,"No Safe, minimal (~$718) TVL, and its DEX is an Ambient fork (not Uniswap). At this size the highest-leverage move is a proper Safe to signal seriousness to infra partners.",CASE_4,"hey [Name], Vic from Protofire DAO. been following Althea and had a look at the stack. your DEX runs on Ambient rather than Uniswap, and there's no Safe multisig on the chain. at this stage the highest-leverage move is probably a proper Safe deployment — it's what signals to protocols, DAOs and bridges that a chain is serious, and it unlocks the kind of TVL that makes a DEX worth running. for a chain tokenizing real-world telecom infrastructure, a Safe multisig is what asset partners and DAOs expect before they custody value on you. we've deployed Safe for 130+ networks including Gnosis and others — fast to ship, low friction. open to a quick chat?","hey [Name], following up on the Safe idea for Althea — genuinely low-lift on our end, and it's the piece bridges/protocols look for first. worth a quick call?","Hi [Name] — Vic at Protofire DAO. For Althea, a proper Safe multisig is probably the highest-leverage next step to signal you're serious. Open to a chat?","Thanks for connecting, [Name]. Had a look at Althea — your DEX runs on Ambient rather than Uniswap, and there's no Safe multisig on the chain. At this stage a proper Safe is the move: it's what protocols, DAOs and bridges look for, and it unlocks the TVL that makes a DEX worth running. for a chain tokenizing real-world telecom infrastructure, a Safe multisig is what asset partners and DAOs expect before they custody value on you. We've deployed Safe for 130+ networks — fast, low friction. Open to a quick chat?","Hey [Name], no pressure — the Safe deploy is quick and low-cost, and it's usually the unlock for the next stage of an ecosystem. Here whenever you want to scope it.",DEX is Ambient fork (not Uniswap). No Safe. Minimal TVL. CASE_4 Safe-first.
VirBiCoin,EVM,L1,1 vol≠tvl,VirBiCoin DEX,1,2025-12-27,"$16,360",329,site,NO,NO,YES,V2,"VirBiCoin DEX: YES/V2 — Described as a Uniswap-V2-style AMM (pools + LP farming); sourcing thin, not contract-audited.",https://virbicoin.com,EVM-compatible Proof-of-Work L1 (token VBC) aimed at metaverse/virtual economies and digital assets; mainnet 2025.,"V2-style AMM, no V3. Small metaverse chain — V3 would improve capital efficiency for its in-world asset markets.",CASE_5,"hey [Name], Vic from Protofire DAO. looked at VirBiCoin's DEX setup — you've got VirBiCoin DEX running on V2 which is solid, but no V3 yet. worth considering: V3's concentrated liquidity attracts a different class of LPs — active managers and yield optimizers. V2 is great for passive liquidity, but V3 is what pulls in sophisticated market makers. for in-world/metaverse asset trading, V3 concentrated liquidity means tighter pricing on your key pairs without needing huge TVL. we've deployed V3 on 12+ chains and can layer it on top of your existing V2 — same familiar UI, same stack, just more powerful. usually 2–4 weeks. open to a quick chat?","hey [Name], circling back on the V3 idea for VirBiCoin — we can layer it on VirBiCoin DEX without disrupting your current V2 pools. want me to send a quick scope?",Hi [Name] — Vic at Protofire DAO. VirBiCoin has VirBiCoin DEX on V2 but no V3 yet; V3 is what pulls in active LPs/market makers. We can layer it on. Worth a chat?,"Thanks for connecting, [Name]. Saw VirBiCoin runs VirBiCoin DEX on V2 — solid, but no V3. for in-world/metaverse asset trading, V3 concentrated liquidity means tighter pricing on your key pairs without needing huge TVL. V3's concentrated liquidity brings in active managers and yield optimizers that V2 alone won't. We've deployed V3 on 12+ chains and can layer it on your existing V2 (same UI, ~2–4 weeks). Open to a quick chat?","Hey [Name], no rush — whenever you want to give VirBiCoin's LPs a V3 option on top of VirBiCoin DEX, it's a clean add-on for us. Happy to share how it went on other chains.","V2-only, not contract-verified. Small PoW metaverse chain."
GRX Chain,EVM,L1,1 vol≠tvl,GRXswap,1,2025-12-22,"$2,307,291",1110,site,NO,NO,YES,V2,"GRXswap: YES/V2 — GRX docs list a GRXswap v2 Router, Factory and Pair Init Code Hash — classic Uniswap V2 architecture.",https://grxchain.io,"GroveX's EVM-compatible DPoS L1 for consumer dApps and DeFi, targeting ~20k TPS with ultra-low fees.","~$2.3M TVL on a confirmed Uniswap-V2 DEX (v2 router verified) with no V3. Clean, well-documented V2->V3 upgrade lead.",CASE_5,"hey [Name], Vic from Protofire DAO. looked at GRX Chain's DEX setup — you've got GRXswap running on V2 which is solid, but no V3 yet. worth considering: V3's concentrated liquidity attracts a different class of LPs — active managers and yield optimizers. V2 is great for passive liquidity, but V3 is what pulls in sophisticated market makers. you've got real TVL on V2 — layering V3 on top pulls in the active LPs and yield optimizers that a high-throughput consumer chain needs to keep volume onchain. we've deployed V3 on 12+ chains and can layer it on top of your existing V2 — same familiar UI, same stack, just more powerful. usually 2–4 weeks. open to a quick chat?","hey [Name], circling back on the V3 idea for GRX Chain — we can layer it on GRXswap without disrupting your current V2 pools. want me to send a quick scope?",Hi [Name] — Vic at Protofire DAO. GRX Chain has GRXswap on V2 but no V3 yet; V3 is what pulls in active LPs/market makers. We can layer it on. Worth a chat?,"Thanks for connecting, [Name]. Saw GRX Chain runs GRXswap on V2 — solid, but no V3. you've got real TVL on V2 — layering V3 on top pulls in the active LPs and yield optimizers that a high-throughput consumer chain needs to keep volume onchain. V3's concentrated liquidity brings in active managers and yield optimizers that V2 alone won't. We've deployed V3 on 12+ chains and can layer it on your existing V2 (same UI, ~2–4 weeks). Open to a quick chat?","Hey [Name], no rush — whenever you want to give GRX Chain's LPs a V3 option on top of GRXswap, it's a clean add-on for us. Happy to share how it went on other chains.",Confirmed UniV2 (router/factory in docs). Meaningful TVL. Strong V2->V3 lead.
JOC,EVM,L1,1 vol≠tvl,JOC Dex,1,2025-12-19,$223,81,—,NO,YES,UNCLEAR,—,"JOC Dex: UNCLEAR — Exists and tracked as a small DeFi protocol on JOC, but no source describes its codebase/lineage.",https://www.japanopenchain.org,"EVM-compatible PoA (IBFT) L1 run by a consortium of Japanese enterprises (Sony, NTT, Dentsu), focused on compliant stablecoins and enterprise Web3.","Enterprise-grade Japanese consortium chain with Safe already on-chain; DEX lineage unknown. Exploratory — high-credibility logo, worth understanding their stack.",CASE_6,"hey [Name], Vic from Protofire DAO — we deploy core DeFi infra for EVM chains. had a look at JOC and saw Safe is already live on JOC, but JOC Dex's underlying stack isn't public. curious what it's built on under the hood? depending on the stack there might be a straightforward path to canonical Uniswap DAO recognition, which gets you prioritized by aggregators like 1inch and adds the official DAO badge. for an enterprise consortium chain, a canonical Uniswap deployment (DAO-recognized) adds a compliance-friendly, audited liquidity layer your corporate members can trust. we've done this for BOB, Abstract, Nibiru and others. if it's already a Uniswap fork we can potentially work with what you have. worth a quick chat?","hey [Name], following up — even a quick note on what JOC Dex runs on would help me tell you if there's a clean path to canonical recognition for JOC. no pressure.",Hi [Name] — Vic at Protofire DAO. Curious what JOC's DEX runs on under the hood — there may be a clean path to canonical Uniswap DAO recognition. Worth a chat?,"Thanks for connecting, [Name]. Saw Safe is already live on JOC, but JOC Dex's underlying stack isn't public on JOC. for an enterprise consortium chain, a canonical Uniswap deployment (DAO-recognized) adds a compliance-friendly, audited liquidity layer your corporate members can trust. Curious what it's built on — depending on the stack there may be a straightforward path to canonical Uniswap DAO recognition (aggregator prioritization + official badge). We've done this for BOB, Abstract, Nibiru. If it's already a Uniswap fork we can work with what you have. Worth a quick chat?","Hey [Name], no rush — if you can point me to JOC Dex's docs or repo I can tell you quickly whether canonical recognition is on the table for JOC. Happy either way.","Safe present (chain_id 81). DEX fork unclear. High-credibility enterprise logo -> worth exploratory contact. chain_id 81 in safe-deployments & Protofire repo maps to Astar 'Shibuya', NOT Japan Open Chain — safe match likely a false positive; verify."
ZIGChain,EVM,L1,1 vol≠tvl,OroSwap,5,2025-11-05,"$8,246,796",—,site,NO,UNCLEAR,NO,—,"OroSwap: NO — OroSwap is forked from Astroport (Cosmos AMM), not Uniswap; multi-pool AMM + CLMM.",https://zigchain.com,"Cosmos-SDK L1 with EVM compatibility (evmOS), evolved from Zignaly, focused on wealth generation and RWA tokenization / automated strategies.","~$8.2M TVL and a strong RWA narrative, but its DEX is an Astroport (Cosmos) fork and Safe status is unverified (no chain_id). Safe-first, then a canonical EVM-side Uniswap to activate that liquidity.",CASE_3,"hey [Name], Vic from Protofire DAO. looked at ZIGChain's stack before messaging. two things stand out: your DEX (OroSwap) is Astroport-based on the Cosmos side, and I couldn't confirm a Safe on the EVM side. with the TVL you've built on ZIGChain, Safe is honestly the first thing — it's what blue-chip protocols and DAOs require before they deploy on a chain. once that's in, a canonical Uniswap v3 is the natural next step to activate that liquidity. with $8M+ TVL and an RWA focus, a Safe on the EVM side is what institutional RWA partners require, and a canonical Uniswap v3 gives that liquidity an EVM-native home. we've deployed Safe for 130+ networks and Uniswap v2+v3 for BOB, Mode, Abstract, Zora. want to connect our teams?","hey [Name], circling back — given the TVL you've built on ZIGChain, the Safe piece is quick to ship and unblocks the institutional side. worth 15 min?",Hi [Name] — Vic at Protofire DAO. Noticed ZIGChain has real TVL but no Safe multisig yet; that's usually the first blocker for bigger protocols. Worth a chat?,"Thanks for connecting, [Name]. Looked at ZIGChain — your DEX (OroSwap) is Astroport-based on the Cosmos side, and I couldn't confirm a Safe on the EVM side. With the TVL you've built on ZIGChain, Safe is the first thing blue-chip protocols/DAOs check for. with $8M+ TVL and an RWA focus, a Safe on the EVM side is what institutional RWA partners require, and a canonical Uniswap v3 gives that liquidity an EVM-native home. Then a canonical Uniswap v3 activates that liquidity. We've done Safe for 130+ chains and Uniswap for BOB, Mode, Zora. Open to connecting teams?","Hey [Name], no rush — the Safe deployment is low-friction and tends to unlock the TVL that makes the DEX worth running. Happy to scope it whenever.",No chain_id in CSV -> safe_exists UNVERIFIED. DEX = Astroport fork (not Uni). Meaningful TVL. CASE_3; verify Safe + EVM chain_id manually. [no chain_id in source -> safe_exists UNVERIFIED]
Bittensor EVM,EVM,L1,1 vol≠tvl,TaoFi,1,2025-11-04,"$203,639",964,—,NO,YES,YES,V3,"TaoFi: YES/V3 — TaoFi deployed a Uniswap V3 instance (TAO-USDC) on Bittensor EVM, built by Sturdy/Subnet 10 w/ Hyperlane bridging.",https://bittensor.com,EVM execution layer on Bittensor's Subtensor chain — the decentralized-AI network where subnets incentivize machine intelligence.,Already runs a Uniswap V3 (TaoFi) and Safe is on-chain. High-profile decentralized-AI ecosystem — fit is canonical DAO recognition + tooling depth around the existing V3.,CASE_6,"hey [Name], Vic from Protofire DAO — we deploy core DeFi infra for EVM chains. had a look at Bittensor EVM and saw TaoFi already deployed Uniswap V3 for TAO/USDC, and Safe is live. curious what it's built on under the hood? depending on the stack there might be a straightforward path to canonical Uniswap DAO recognition, which gets you prioritized by aggregators like 1inch and adds the official DAO badge. as TAO DeFi grows, canonical DAO recognition + a proper routing/graph stack would make your V3 the default venue aggregators route AI-economy liquidity through. we've done this for BOB, Abstract, Nibiru and others. if it's already a Uniswap fork we can potentially work with what you have. worth a quick chat?","hey [Name], following up — even a quick note on what TaoFi runs on would help me tell you if there's a clean path to canonical recognition for Bittensor EVM. no pressure.",Hi [Name] — Vic at Protofire DAO. Curious what Bittensor EVM's DEX runs on under the hood — there may be a clean path to canonical Uniswap DAO recognition. Worth a chat?,"Thanks for connecting, [Name]. Saw TaoFi already deployed Uniswap V3 for TAO/USDC, and Safe is live on Bittensor EVM. as TAO DeFi grows, canonical DAO recognition + a proper routing/graph stack would make your V3 the default venue aggregators route AI-economy liquidity through. Curious what it's built on — depending on the stack there may be a straightforward path to canonical Uniswap DAO recognition (aggregator prioritization + official badge). We've done this for BOB, Abstract, Nibiru. If it's already a Uniswap fork we can work with what you have. Worth a quick chat?","Hey [Name], no rush — if you can point me to TaoFi's docs or repo I can tell you quickly whether canonical recognition is on the table for Bittensor EVM. Happy either way.",Already has UniV3 (TaoFi) + Safe (chain_id 964). CASE_6 canonical angle. Hot AI narrative.
BESC Hyperchain,EVM,L1,1 vol≠tvl,BESCSWAP DEX,2,2025-11-04,"$323,054",2372,site,NO,NO,YES,V2,BESCSWAP DEX: YES/V2 — Forked from Uniswap V2 (UniV2-compatible factory/router); adds farming/lottery/IFO. Confirmed via DefiLlama-Adapters PR.,https://bescswap.com,EVM L1 ('Hyperchain') with instant finality and a meme/DeFi-oriented ecosystem; BESC spans BNB Chain and its own chain.,"Confirmed Uniswap-V2 fork, no V3, ~$323K TVL. Clean V2->V3 upgrade lead.",CASE_5,"hey [Name], Vic from Protofire DAO. looked at BESC Hyperchain's DEX setup — you've got BESCSWAP DEX running on V2 which is solid, but no V3 yet. worth considering: V3's concentrated liquidity attracts a different class of LPs — active managers and yield optimizers. V2 is great for passive liquidity, but V3 is what pulls in sophisticated market makers. V3 on top of your existing V2 gives your meme/DeFi traders tighter pricing and pulls in the active LPs that V2 farming alone won't attract. we've deployed V3 on 12+ chains and can layer it on top of your existing V2 — same familiar UI, same stack, just more powerful. usually 2–4 weeks. open to a quick chat?","hey [Name], circling back on the V3 idea for BESC Hyperchain — we can layer it on BESCSWAP DEX without disrupting your current V2 pools. want me to send a quick scope?",Hi [Name] — Vic at Protofire DAO. BESC Hyperchain has BESCSWAP DEX on V2 but no V3 yet; V3 is what pulls in active LPs/market makers. We can layer it on. Worth a chat?,"Thanks for connecting, [Name]. Saw BESC Hyperchain runs BESCSWAP DEX on V2 — solid, but no V3. V3 on top of your existing V2 gives your meme/DeFi traders tighter pricing and pulls in the active LPs that V2 farming alone won't attract. V3's concentrated liquidity brings in active managers and yield optimizers that V2 alone won't. We've deployed V3 on 12+ chains and can layer it on your existing V2 (same UI, ~2–4 weeks). Open to a quick chat?","Hey [Name], no rush — whenever you want to give BESC Hyperchain's LPs a V3 option on top of BESCSWAP DEX, it's a clean add-on for us. Happy to share how it went on other chains.",Confirmed UniV2 fork. No Safe. CASE_5 V2->V3.
GateLayer,EVM,L2,2,"Gate Swap, WoofSwap GateLayer",3,2025-10-07,"$2,582,712",10088,site,NO,NO,UNCLEAR;NO,—,"Gate Swap: UNCLEAR — Confirmed as GateLayer's native AMM but no source states its fork base. | WoofSwap GateLayer: NO — ve(3,3)/Solidly-family fork (from Ve33 Finance), not Uniswap.",https://www.gate.io/gatelayer,"Gate.io's EVM-compatible OP-Stack L2 settling on GateChain (GT gas), hosting Gate's native DeFi and Gate Fun launchpad.","~$2.58M TVL, exchange-backed (Gate.io). Gate Swap's lineage is unknown and WoofSwap is Solidly-based. Exploratory to learn Gate Swap's stack; exchange backing = strong potential.",CASE_6,"hey [Name], Vic from Protofire DAO — we deploy core DeFi infra for EVM chains. had a look at GateLayer and saw Gate Swap is your native AMM but its stack isn't public, and WoofSwap is a Solidly ve(3,3) design. curious what it's built on under the hood? depending on the stack there might be a straightforward path to canonical Uniswap DAO recognition, which gets you prioritized by aggregators like 1inch and adds the official DAO badge. an exchange-backed L2 with real TVL is exactly the kind of chain where a canonical Uniswap v3 (DAO-recognized) would lock in aggregator routing and complement Gate's own liquidity. we've done this for BOB, Abstract, Nibiru and others. if it's already a Uniswap fork we can potentially work with what you have. worth a quick chat?","hey [Name], following up — even a quick note on what Gate Swap, WoofSwap GateLayer runs on would help me tell you if there's a clean path to canonical recognition for GateLayer. no pressure.",Hi [Name] — Vic at Protofire DAO. Curious what GateLayer's DEX runs on under the hood — there may be a clean path to canonical Uniswap DAO recognition. Worth a chat?,"Thanks for connecting, [Name]. Saw Gate Swap is your native AMM but its stack isn't public, and WoofSwap is a Solidly ve(3,3) design on GateLayer. an exchange-backed L2 with real TVL is exactly the kind of chain where a canonical Uniswap v3 (DAO-recognized) would lock in aggregator routing and complement Gate's own liquidity. Curious what it's built on — depending on the stack there may be a straightforward path to canonical Uniswap DAO recognition (aggregator prioritization + official badge). We've done this for BOB, Abstract, Nibiru. If it's already a Uniswap fork we can work with what you have. Worth a quick chat?","Hey [Name], no rush — if you can point me to Gate Swap, WoofSwap GateLayer's docs or repo I can tell you quickly whether canonical recognition is on the table for GateLayer. Happy either way.","Gate Swap fork UNCLEAR; WoofSwap=Solidly. Exchange-backed, meaningful TVL. No Safe (chain_id 10088). CASE_6."
Xone Chain,EVM,L1,1 vol≠tvl,SwapX Xone Chain,1,2025-10-06,"$6,796",3721,—,NO,NO,YES,BOTH,SwapX Xone Chain: YES/BOTH — SwapX docs: 'built on Uniswap v2/v3 protocols' + Li.Fi aggregation. Effectively a V2+V3 fork.,https://xone.org,"EVM-compatible L1 (with Cosmos modularity, zk privacy features) built around a 'Behavioral Value Incentive' model, emphasizing compliance and institutional adoption.",Already runs a Uniswap v2+v3 fork (SwapX) but has NO Safe and tiny (~$6.8K) TVL. Real gap is Safe — a compliance/institutional chain needs multisig custody to be credible.,CASE_4,"hey [Name], Vic from Protofire DAO. been following Xone Chain and had a look at the stack. SwapX already covers Uniswap v2+v3, but there's no Safe multisig on Xone. at this stage the highest-leverage move is probably a proper Safe deployment — it's what signals to protocols, DAOs and bridges that a chain is serious, and it unlocks the kind of TVL that makes a DEX worth running. for a chain built around compliance and institutional adoption, a Safe multisig is the single most expected piece of custody infra — it's the gap, not the DEX. we've deployed Safe for 130+ networks including Gnosis and others — fast to ship, low friction. open to a quick chat?","hey [Name], following up on the Safe idea for Xone Chain — genuinely low-lift on our end, and it's the piece bridges/protocols look for first. worth a quick call?","Hi [Name] — Vic at Protofire DAO. For Xone Chain, a proper Safe multisig is probably the highest-leverage next step to signal you're serious. Open to a chat?","Thanks for connecting, [Name]. Had a look at Xone Chain — SwapX already covers Uniswap v2+v3, but there's no Safe multisig on Xone. At this stage a proper Safe is the move: it's what protocols, DAOs and bridges look for, and it unlocks the TVL that makes a DEX worth running. for a chain built around compliance and institutional adoption, a Safe multisig is the single most expected piece of custody infra — it's the gap, not the DEX. We've deployed Safe for 130+ networks — fast, low friction. Open to a quick chat?","Hey [Name], no pressure — the Safe deploy is quick and low-cost, and it's usually the unlock for the next stage of an ecosystem. Here whenever you want to scope it.",Has UniV2+V3 (SwapX) already; gap = Safe (chain_id 3721 not in safe-deployments). CASE_4 Safe pitch.
Mezo,EVM,L1,2 vol≠tvl,"Tigris Mezo V3, Tigris Mezo V2",9,2025-10-01,"$62,831,759",31612,site,NO,YES,UNCLEAR;UNCLEAR,V3?,"Tigris Mezo V3: UNCLEAR/V3? — ve(3,3) model (veBTC directs emissions); 'V3' = concentrated-liquidity tier, likely UniV3-derived module but fork base not named. | Tigris Mezo V2: UNCLEAR — Standard ve(3,3) constant-product AMM (Solidly/Velodrome family), not a plain Uniswap fork.",https://mezo.org,'Bitcoin Economic Layer' by Thesis (tBTC/Fold/Taho) — a BTC-collateralized economy minting the BTC-backed stablecoin MUSD with veBTC and BTC-denominated yield.,"Big ~$62.8M TVL, Safe already on-chain, strong BTCFi backer (Thesis). DEX (Tigris) is a ve(3,3) design whose Uniswap lineage is unconfirmed. High-value exploratory lead.",CASE_6,"hey [Name], Vic from Protofire DAO — we deploy core DeFi infra for EVM chains. had a look at Mezo and saw Safe is already live on Mezo, and Tigris runs a ve(3,3) model whose concentrated-liquidity tier may or may not be Uniswap-derived. curious what it's built on under the hood? depending on the stack there might be a straightforward path to canonical Uniswap DAO recognition, which gets you prioritized by aggregators like 1inch and adds the official DAO badge. with $60M+ in BTC-denominated liquidity, a canonical Uniswap v3 (DAO-recognized) would give MUSD and BTC pairs an aggregator-prioritized venue alongside Tigris's ve(3,3) pools. we've done this for BOB, Abstract, Nibiru and others. if it's already a Uniswap fork we can potentially work with what you have. worth a quick chat?","hey [Name], following up — even a quick note on what Tigris Mezo V3, Tigris Mezo V2 runs on would help me tell you if there's a clean path to canonical recognition for Mezo. no pressure.",Hi [Name] — Vic at Protofire DAO. Curious what Mezo's DEX runs on under the hood — there may be a clean path to canonical Uniswap DAO recognition. Worth a chat?,"Thanks for connecting, [Name]. Saw Safe is already live on Mezo, and Tigris runs a ve(3,3) model whose concentrated-liquidity tier may or may not be Uniswap-derived on Mezo. with $60M+ in BTC-denominated liquidity, a canonical Uniswap v3 (DAO-recognized) would give MUSD and BTC pairs an aggregator-prioritized venue alongside Tigris's ve(3,3) pools. Curious what it's built on — depending on the stack there may be a straightforward path to canonical Uniswap DAO recognition (aggregator prioritization + official badge). We've done this for BOB, Abstract, Nibiru. If it's already a Uniswap fork we can work with what you have. Worth a quick chat?","Hey [Name], no rush — if you can point me to Tigris Mezo V3, Tigris Mezo V2's docs or repo I can tell you quickly whether canonical recognition is on the table for Mezo. Happy either way.","Safe present (chain_id 31612). DEX = ve(3,3), fork base unclear -> CASE_6. Large TVL + strong team = high-priority exploratory."
Peaq,EVM,L1,2,"MachineX CL, MachineX Legacy",3,2025-09-10,"$803,111",3338,site,NO,YES,YES;YES,V3;V2,"MachineX CL: YES/V3 — Built on Ramses V3 Core, explicitly 'based on Uniswap V3'; 'CL' = concentrated liquidity. Audited. | MachineX Legacy: YES/V2 — Docs: legacy pools are 'traditional Uniswap V2 and Stableswap pools with modifications'.",https://www.peaq.xyz,EVM-compatible L1 purpose-built for DePIN (Decentralized Physical Infrastructure) and the 'Machine Economy' (token $PEAQ).,"~$803K TVL, Safe on-chain, and MachineX already provides UniV3 (Ramses) + V2. Leading DePIN chain — fit is canonical DAO recognition around the existing V3.",CASE_6,"hey [Name], Vic from Protofire DAO — we deploy core DeFi infra for EVM chains. had a look at Peaq and saw MachineX already runs Uniswap-v3-based (Ramses) and V2 pools, and Safe is live on peaq. curious what it's built on under the hood? depending on the stack there might be a straightforward path to canonical Uniswap DAO recognition, which gets you prioritized by aggregators like 1inch and adds the official DAO badge. as the machine economy scales, canonical DAO recognition would make MachineX's V3 the aggregator-default venue for DePIN token liquidity. we've done this for BOB, Abstract, Nibiru and others. if it's already a Uniswap fork we can potentially work with what you have. worth a quick chat?","hey [Name], following up — even a quick note on what MachineX CL, MachineX Legacy runs on would help me tell you if there's a clean path to canonical recognition for Peaq. no pressure.",Hi [Name] — Vic at Protofire DAO. Curious what Peaq's DEX runs on under the hood — there may be a clean path to canonical Uniswap DAO recognition. Worth a chat?,"Thanks for connecting, [Name]. Saw MachineX already runs Uniswap-v3-based (Ramses) and V2 pools, and Safe is live on peaq on Peaq. as the machine economy scales, canonical DAO recognition would make MachineX's V3 the aggregator-default venue for DePIN token liquidity. Curious what it's built on — depending on the stack there may be a straightforward path to canonical Uniswap DAO recognition (aggregator prioritization + official badge). We've done this for BOB, Abstract, Nibiru. If it's already a Uniswap fork we can work with what you have. Worth a quick chat?","Hey [Name], no rush — if you can point me to MachineX CL, MachineX Legacy's docs or repo I can tell you quickly whether canonical recognition is on the table for Peaq. Happy either way.",Already UniV3 (Ramses fork) + V2 + Safe (chain_id 3338). CASE_6 canonical angle. Strong DePIN brand.
ENI,EVM,L1,2,"Dswap, EGAS swap",3,2025-08-11,"$215,562,510",173,—,NO,YES,UNCLEAR;NO,—,Dswap: UNCLEAR — 'Operation flow similar to other public-chain DEXs' — standard AMM but no confirmation it's a Uniswap fork/version. | EGAS swap: NO — Not an AMM — a fixed-rate USDT<->EGAS gas-onboarding utility.,https://eniac.network,"Enterprise-grade modular EVM L1 ('ENI Matrix') aimed at mass commercial adoption, gaming and on-chain apps (gas token EGAS).","Huge reported ~$215.6M TVL and Safe on-chain, but its real AMM (Dswap) has unknown lineage (EGAS swap is just a gas on-ramp). Very high-value exploratory lead — verify TVL and Dswap stack.",CASE_6,"hey [Name], Vic from Protofire DAO — we deploy core DeFi infra for EVM chains. had a look at ENI and saw Safe is already live and Dswap is your main AMM, though its underlying stack isn't documented (EGAS swap is just a gas on-ramp). curious what it's built on under the hood? depending on the stack there might be a straightforward path to canonical Uniswap DAO recognition, which gets you prioritized by aggregators like 1inch and adds the official DAO badge. with the TVL you're carrying, a canonical Uniswap v3 (DAO-recognized) alongside Dswap would give enterprise and gaming partners an audited, aggregator-visible liquidity venue. we've done this for BOB, Abstract, Nibiru and others. if it's already a Uniswap fork we can potentially work with what you have. worth a quick chat?","hey [Name], following up — even a quick note on what Dswap, EGAS swap runs on would help me tell you if there's a clean path to canonical recognition for ENI. no pressure.",Hi [Name] — Vic at Protofire DAO. Curious what ENI's DEX runs on under the hood — there may be a clean path to canonical Uniswap DAO recognition. Worth a chat?,"Thanks for connecting, [Name]. Saw Safe is already live and Dswap is your main AMM, though its underlying stack isn't documented (EGAS swap is just a gas on-ramp) on ENI. with the TVL you're carrying, a canonical Uniswap v3 (DAO-recognized) alongside Dswap would give enterprise and gaming partners an audited, aggregator-visible liquidity venue. Curious what it's built on — depending on the stack there may be a straightforward path to canonical Uniswap DAO recognition (aggregator prioritization + official badge). We've done this for BOB, Abstract, Nibiru. If it's already a Uniswap fork we can work with what you have. Worth a quick chat?","Hey [Name], no rush — if you can point me to Dswap, EGAS swap's docs or repo I can tell you quickly whether canonical recognition is on the table for ENI. Happy either way.",Safe present (chain_id 173). Dswap fork UNCLEAR; EGAS swap not a DEX. TVL $215M looks very large for the profile - VERIFY. CASE_6.
Bitcichain,EVM,L1,1 vol≠tvl,SimitciSwap,1,2025-08-07,"$1,127",1907,—,NO,NO,UNCLEAR,—,SimitciSwap: UNCLEAR — Confirmed as a DEX on Bitcichain (AMM with pools) but no source confirms Uniswap fork/version.,https://bitcichain.com,"EVM-compatible PoA L1 by Bitci, built for sports fan tokens, NFTs, loyalty/rewards and merchant payments (coin BITCI).",Sports/fan-token chain with tiny (~$1.1K) TVL and an unverified DEX stack. Exploratory; consumer-brand focus could benefit from polished canonical infra.,CASE_6,"hey [Name], Vic from Protofire DAO — we deploy core DeFi infra for EVM chains. had a look at Bitcichain and saw SimitciSwap is your DEX but its underlying stack isn't public. curious what it's built on under the hood? depending on the stack there might be a straightforward path to canonical Uniswap DAO recognition, which gets you prioritized by aggregators like 1inch and adds the official DAO badge. for a fan-token and loyalty chain, a canonical Uniswap deployment gives your consumer partners a recognizable, audited swap experience. we've done this for BOB, Abstract, Nibiru and others. if it's already a Uniswap fork we can potentially work with what you have. worth a quick chat?","hey [Name], following up — even a quick note on what SimitciSwap runs on would help me tell you if there's a clean path to canonical recognition for Bitcichain. no pressure.",Hi [Name] — Vic at Protofire DAO. Curious what Bitcichain's DEX runs on under the hood — there may be a clean path to canonical Uniswap DAO recognition. Worth a chat?,"Thanks for connecting, [Name]. Saw SimitciSwap is your DEX but its underlying stack isn't public on Bitcichain. for a fan-token and loyalty chain, a canonical Uniswap deployment gives your consumer partners a recognizable, audited swap experience. Curious what it's built on — depending on the stack there may be a straightforward path to canonical Uniswap DAO recognition (aggregator prioritization + official badge). We've done this for BOB, Abstract, Nibiru. If it's already a Uniswap fork we can work with what you have. Worth a quick chat?","Hey [Name], no rush — if you can point me to SimitciSwap's docs or repo I can tell you quickly whether canonical recognition is on the table for Bitcichain. Happy either way.","Fork unclear, minimal TVL, no Safe. Exploratory only."
Botanix,EVM,L1,2,"Bitzy, Arch Swap",12,2025-07-23,"$155,880",3637,—,YES,YES,NO;YES,V3,"Bitzy: NO — 'First EVM DEX on Bitcoin' — custom build (V2 frontend, V3 aggregator backend), not a clean Uniswap fork. | Arch Swap: YES/V3 — Powered by Algebra Integral (a Uniswap-V3 derivative) — concentrated liquidity + dynamic fees.",https://botanixlabs.com,"Fully EVM-equivalent Bitcoin L2 (Spiderchain) using native BTC as gas, targeting BTCFi.","Protofire deployed Safe here (warm), and Arch Swap runs an Algebra (UniV3-derived) DEX. HOWEVER Botanix announced it is winding down its L2 — likely defunct. Deprioritize despite warm Safe relationship.",CASE_6,"hey [Name], Vic from Protofire DAO — we deploy core DeFi infra for EVM chains. had a look at Botanix and saw we deployed Safe for Botanix, and Arch Swap already runs an Algebra (Uniswap-v3-derived) DEX. curious what it's built on under the hood? depending on the stack there might be a straightforward path to canonical Uniswap DAO recognition, which gets you prioritized by aggregators like 1inch and adds the official DAO badge. we've done this for BOB, Abstract, Nibiru and others. if it's already a Uniswap fork we can potentially work with what you have. worth a quick chat?","hey [Name], following up — even a quick note on what Bitzy, Arch Swap runs on would help me tell you if there's a clean path to canonical recognition for Botanix. no pressure.",Hi [Name] — Vic at Protofire DAO. Curious what Botanix's DEX runs on under the hood — there may be a clean path to canonical Uniswap DAO recognition. Worth a chat?,"Thanks for connecting, [Name]. Saw we deployed Safe for Botanix, and Arch Swap already runs an Algebra (Uniswap-v3-derived) DEX on Botanix. Curious what it's built on — depending on the stack there may be a straightforward path to canonical Uniswap DAO recognition (aggregator prioritization + official badge). We've done this for BOB, Abstract, Nibiru. If it's already a Uniswap fork we can work with what you have. Worth a quick chat?","Hey [Name], no rush — if you can point me to Bitzy, Arch Swap's docs or repo I can tell you quickly whether canonical recognition is on the table for Botanix. Happy either way.","WARM (Protofire Safe). BUT chain announced wind-down (withdrawal deadline ~2026-07-09, now passed). Likely defunct - DO NOT PRIORITIZE. Flag for manual confirmation before any outreach."
DChain,EVM,L1,1,OpenBiSea,1,2025-07-10,"$20,381",2.71645E+15,site,NO,NO,UNCLEAR,—,"OpenBiSea: UNCLEAR — Primarily an NFT marketplace; swap is a custom reserve-backed contract, not a documented Uniswap-style AMM (leaning not-Uniswap).",https://www.dchain.foundation,"ETH-based L1 built as a SAGA chainlet by DEX Studios (MotoDEX/DexGO), centered on NFTs, gaming and its DTOKEN/DCOIN economy.",Small NFT/gaming chainlet; 'DEX' is really an NFT marketplace with a custom reserve swap. Exploratory — likely a better Safe lead than Uniswap.,CASE_6,"hey [Name], Vic from Protofire DAO — we deploy core DeFi infra for EVM chains. had a look at DChain and saw OpenBiSea is mainly an NFT marketplace with a custom reserve swap rather than a Uniswap-style AMM. curious what it's built on under the hood? depending on the stack there might be a straightforward path to canonical Uniswap DAO recognition, which gets you prioritized by aggregators like 1inch and adds the official DAO badge. if you want a real AMM alongside the NFT marketplace, a canonical Uniswap deployment (plus a Safe for the treasury) would give the gaming economy proper token liquidity. we've done this for BOB, Abstract, Nibiru and others. if it's already a Uniswap fork we can potentially work with what you have. worth a quick chat?","hey [Name], following up — even a quick note on what OpenBiSea runs on would help me tell you if there's a clean path to canonical recognition for DChain. no pressure.",Hi [Name] — Vic at Protofire DAO. Curious what DChain's DEX runs on under the hood — there may be a clean path to canonical Uniswap DAO recognition. Worth a chat?,"Thanks for connecting, [Name]. Saw OpenBiSea is mainly an NFT marketplace with a custom reserve swap rather than a Uniswap-style AMM on DChain. if you want a real AMM alongside the NFT marketplace, a canonical Uniswap deployment (plus a Safe for the treasury) would give the gaming economy proper token liquidity. Curious what it's built on — depending on the stack there may be a straightforward path to canonical Uniswap DAO recognition (aggregator prioritization + official badge). We've done this for BOB, Abstract, Nibiru. If it's already a Uniswap fork we can work with what you have. Worth a quick chat?","Hey [Name], no rush — if you can point me to OpenBiSea's docs or repo I can tell you quickly whether canonical recognition is on the table for DChain. Happy either way.","'DEX' is NFT-marketplace/custom reserve swap, not an AMM. No Safe. CASE_6; Safe may be the better angle."
Titan,EVM,L1,1 vol≠tvl,Hyperion DEX,2,2025-07-02,—,18888,site,NO,NO,UNCLEAR,—,Hyperion DEX: UNCLEAR — Could not verify a Hyperion DEX on an ETH-based Titan L1; name collides with unrelated Aptos/Cosmos projects.,UNCLEAR,UNCLEAR — 'Titan' collides with several unrelated projects; likely a DEX Studios SAGA chainlet (DChain family) but unconfirmed.,Network identity and DEX both unverified — cannot responsibly pitch. Flag for manual identification before outreach.,CASE_6,"hey [Name], Vic from Protofire DAO — we deploy core DeFi infra for EVM chains. had a look at Titan and saw I want to make sure I've got the right Titan and understand what Hyperion runs on. curious what it's built on under the hood? depending on the stack there might be a straightforward path to canonical Uniswap DAO recognition, which gets you prioritized by aggregators like 1inch and adds the official DAO badge. if there's no canonical AMM yet, a Uniswap deployment plus a Safe would be a strong base to build DeFi on. we've done this for BOB, Abstract, Nibiru and others. if it's already a Uniswap fork we can potentially work with what you have. worth a quick chat?","hey [Name], following up — even a quick note on what Hyperion DEX runs on would help me tell you if there's a clean path to canonical recognition for Titan. no pressure.",Hi [Name] — Vic at Protofire DAO. Curious what Titan's DEX runs on under the hood — there may be a clean path to canonical Uniswap DAO recognition. Worth a chat?,"Thanks for connecting, [Name]. Saw I want to make sure I've got the right Titan and understand what Hyperion runs on on Titan. if there's no canonical AMM yet, a Uniswap deployment plus a Safe would be a strong base to build DeFi on. Curious what it's built on — depending on the stack there may be a straightforward path to canonical Uniswap DAO recognition (aggregator prioritization + official badge). We've done this for BOB, Abstract, Nibiru. If it's already a Uniswap fork we can work with what you have. Worth a quick chat?","Hey [Name], no rush — if you can point me to Hyperion DEX's docs or repo I can tell you quickly whether canonical recognition is on the table for Titan. Happy either way.",IDENTITY UNVERIFIED - 'Titan' + 'Hyperion DEX' could not be confirmed. No website. No TVL. MANUAL REVIEW REQUIRED before any outreach.
Coti,EVM,L1,1,Carbon Defi,6,2025-06-18,"$754,035",—,site,NO,UNCLEAR,NO,—,"Carbon Defi: NO — Carbon DeFi is Bancor tech — an on-chain orderbook/asymmetric-liquidity protocol, explicitly not an AMM and not Uniswap-derived.",https://coti.io,Privacy/confidentiality layer for Web3 using Garbled Circuits + MPC for confidential smart contracts; now positioned as a privacy-centric Ethereum L2 (COTI V2).,"~$754K TVL, notable privacy-tech project, no Uniswap (Carbon is Bancor), and Safe unverified (no chain_id). Safe-first then a canonical Uniswap to complement the orderbook-style Carbon liquidity.",CASE_3,"hey [Name], Vic from Protofire DAO. looked at Coti's stack before messaging. two things stand out: your DEX (Carbon) is Bancor's orderbook-style design rather than a Uniswap AMM, and I couldn't confirm a Safe on the chain. with the TVL you've built on Coti, Safe is honestly the first thing — it's what blue-chip protocols and DAOs require before they deploy on a chain. once that's in, a canonical Uniswap v3 is the natural next step to activate that liquidity. a canonical Uniswap v3 would sit nicely alongside Carbon's limit-order model — AMM depth for passive LPs, Carbon for range orders — and a Safe covers treasury custody for a privacy-focused chain. we've deployed Safe for 130+ networks and Uniswap v2+v3 for BOB, Mode, Abstract, Zora. want to connect our teams?","hey [Name], circling back — given the TVL you've built on Coti, the Safe piece is quick to ship and unblocks the institutional side. worth 15 min?",Hi [Name] — Vic at Protofire DAO. Noticed Coti has real TVL but no Safe multisig yet; that's usually the first blocker for bigger protocols. Worth a chat?,"Thanks for connecting, [Name]. Looked at Coti — your DEX (Carbon) is Bancor's orderbook-style design rather than a Uniswap AMM, and I couldn't confirm a Safe on the chain. With the TVL you've built on Coti, Safe is the first thing blue-chip protocols/DAOs check for. a canonical Uniswap v3 would sit nicely alongside Carbon's limit-order model — AMM depth for passive LPs, Carbon for range orders — and a Safe covers treasury custody for a privacy-focused chain. Then a canonical Uniswap v3 activates that liquidity. We've done Safe for 130+ chains and Uniswap for BOB, Mode, Zora. Open to connecting teams?","Hey [Name], no rush — the Safe deployment is low-friction and tends to unlock the TVL that makes the DEX worth running. Happy to scope it whenever.",No chain_id -> safe_exists UNVERIFIED. DEX = Bancor Carbon (not Uni). Meaningful TVL. CASE_3; verify Safe + EVM chain_id. [no chain_id in source -> safe_exists UNVERIFIED]
Katana,EVM,L2,2 vol≠tvl,"SushiSwap V3, SushiSwap",27,2025-05-22,"$136,165,433",747474,site,NO,YES,YES;YES,V3;V2,SushiSwap V3: YES/V3 — SushiSwap V3 is a Uniswap V3 fork (concentrated liquidity); live on Katana from day one. | SushiSwap: YES/V2 — Sushi's classic AMM is an established Uniswap V2 fork.,https://katana.network,DeFi-optimized Ethereum L2 (Polygon Labs + GSR; OP stack + AggLayer + ZK) focused on concentrating liquidity; Sushi is its designated spot DEX.,"Large ~$136.2M TVL, Safe on-chain, DeFi-first design — but Sushi (an established Uniswap V2+V3 fork) is the designated DEX. Little room for a competing Uniswap; fit is at most canonical-recognition/tooling. Low priority.",CASE_6,"hey [Name], Vic from Protofire DAO — we deploy core DeFi infra for EVM chains. had a look at Katana and saw Sushi (a Uniswap v2+v3 fork) is your designated DEX and Safe is already live. curious what it's built on under the hood? depending on the stack there might be a straightforward path to canonical Uniswap DAO recognition, which gets you prioritized by aggregators like 1inch and adds the official DAO badge. if you ever want a second canonical venue or deeper routing/graph tooling beyond Sushi, that's where we could help. we've done this for BOB, Abstract, Nibiru and others. if it's already a Uniswap fork we can potentially work with what you have. worth a quick chat?","hey [Name], following up — even a quick note on what SushiSwap V3, SushiSwap runs on would help me tell you if there's a clean path to canonical recognition for Katana. no pressure.",Hi [Name] — Vic at Protofire DAO. Curious what Katana's DEX runs on under the hood — there may be a clean path to canonical Uniswap DAO recognition. Worth a chat?,"Thanks for connecting, [Name]. Saw Sushi (a Uniswap v2+v3 fork) is your designated DEX and Safe is already live on Katana. if you ever want a second canonical venue or deeper routing/graph tooling beyond Sushi, that's where we could help. Curious what it's built on — depending on the stack there may be a straightforward path to canonical Uniswap DAO recognition (aggregator prioritization + official badge). We've done this for BOB, Abstract, Nibiru. If it's already a Uniswap fork we can work with what you have. Worth a quick chat?","Hey [Name], no rush — if you can point me to SushiSwap V3, SushiSwap's docs or repo I can tell you quickly whether canonical recognition is on the table for Katana. Happy either way.",Already has Sushi V2+V3 (Uni forks) + Safe (chain_id 747474). Designated DEX = Sushi. LOW priority. CASE_6.
Xphere,EVM,L1,1 vol≠tvl,Dopin Protocol,1,2025-05-17,$5,20250217,—,NO,NO,UNCLEAR,—,"Dopin Protocol: UNCLEAR — Real multi-chain DEX (swap/stake/token-factory), feature set consistent with a V2-style fork but unverified; couldn't confirm Xphere deployment specifically.",https://www.x-phere.com,"L1 blockchain using a dual-chain architecture (PoW proof chain + PBFT main chain, ~1s finality, ~4,000 TPS).",Tiny (~$5) TVL and unverified DEX. Exploratory at best — early chain that would need both Safe and canonical Uniswap.,CASE_6,"hey [Name], Vic from Protofire DAO — we deploy core DeFi infra for EVM chains. had a look at Xphere and saw Dopin is your DEX but I couldn't confirm what it runs on. curious what it's built on under the hood? depending on the stack there might be a straightforward path to canonical Uniswap DAO recognition, which gets you prioritized by aggregators like 1inch and adds the official DAO badge. if there's no canonical AMM yet, a Uniswap deployment + Safe is what makes a high-throughput L1 credible to DeFi builders. we've done this for BOB, Abstract, Nibiru and others. if it's already a Uniswap fork we can potentially work with what you have. worth a quick chat?","hey [Name], following up — even a quick note on what Dopin Protocol runs on would help me tell you if there's a clean path to canonical recognition for Xphere. no pressure.",Hi [Name] — Vic at Protofire DAO. Curious what Xphere's DEX runs on under the hood — there may be a clean path to canonical Uniswap DAO recognition. Worth a chat?,"Thanks for connecting, [Name]. Saw Dopin is your DEX but I couldn't confirm what it runs on on Xphere. if there's no canonical AMM yet, a Uniswap deployment + Safe is what makes a high-throughput L1 credible to DeFi builders. Curious what it's built on — depending on the stack there may be a straightforward path to canonical Uniswap DAO recognition (aggregator prioritization + official badge). We've done this for BOB, Abstract, Nibiru. If it's already a Uniswap fork we can work with what you have. Worth a quick chat?","Hey [Name], no rush — if you can point me to Dopin Protocol's docs or repo I can tell you quickly whether canonical recognition is on the table for Xphere. Happy either way.","Fork unclear, ~$5 TVL, no Safe. Very low priority."
OpenGPU,EVM,L1,1 vol≠tvl,TAKOSWAP,1,2025-05-06,"$55,527",—,—,NO,UNCLEAR,YES,V2,TAKOSWAP: YES/V2 — Documented as a fork of SushiSwap/Uniswap (Sushi classic = UniV2) with yield farming; caveat that the oGPU instance = same codebase is indirect.,https://opengpu.network,"Decentralized GPU-compute network / DePIN for AI, letting users monetize and access GPU power; runs its own oGPU Chain.",TAKOSWAP appears to be a Uniswap-V2/Sushi fork with no V3. Hot AI-DePIN narrative — a V3 upgrade would modernize its swap layer.,CASE_5,"hey [Name], Vic from Protofire DAO. looked at OpenGPU's DEX setup — you've got TAKOSWAP running on V2 which is solid, but no V3 yet. worth considering: V3's concentrated liquidity attracts a different class of LPs — active managers and yield optimizers. V2 is great for passive liquidity, but V3 is what pulls in sophisticated market makers. an AI-compute economy attracts sophisticated capital — V3 concentrated liquidity gives those LPs a reason to provide depth on your token pairs. we've deployed V3 on 12+ chains and can layer it on top of your existing V2 — same familiar UI, same stack, just more powerful. usually 2–4 weeks. open to a quick chat?","hey [Name], circling back on the V3 idea for OpenGPU — we can layer it on TAKOSWAP without disrupting your current V2 pools. want me to send a quick scope?",Hi [Name] — Vic at Protofire DAO. OpenGPU has TAKOSWAP on V2 but no V3 yet; V3 is what pulls in active LPs/market makers. We can layer it on. Worth a chat?,"Thanks for connecting, [Name]. Saw OpenGPU runs TAKOSWAP on V2 — solid, but no V3. an AI-compute economy attracts sophisticated capital — V3 concentrated liquidity gives those LPs a reason to provide depth on your token pairs. V3's concentrated liquidity brings in active managers and yield optimizers that V2 alone won't. We've deployed V3 on 12+ chains and can layer it on your existing V2 (same UI, ~2–4 weeks). Open to a quick chat?","Hey [Name], no rush — whenever you want to give OpenGPU's LPs a V3 option on top of TAKOSWAP, it's a clean add-on for us. Happy to share how it went on other chains.",V2 fork (caveat on codebase identity). No chain_id -> safe UNVERIFIED. AI/DePIN narrative. CASE_5. [no chain_id in source -> safe_exists UNVERIFIED]
Haven1,EVM,L1,1,Haven1 hSwap,2,2025-04-24,"$6,888",8811,site,NO,NO,YES,V3,"Haven1 hSwap: YES/V3 — Docs: hSwap V2 is 'built upon the advanced features of Uniswap V3' (concentrated liquidity). Native, H1-governed.",https://haven1.org,"Permissioned-yet-decentralized EVM L1 built for DeFi and tokenized RWAs, with identity-gating and MEV prevention ('REKT-resistant').",Already runs a Uniswap-V3-based DEX (hSwap) but has NO Safe and low (~$6.9K) TVL. Gap is Safe — an RWA/identity chain positioning as institution-grade must have multisig custody.,CASE_4,"hey [Name], Vic from Protofire DAO. been following Haven1 and had a look at the stack. hSwap already gives you a Uniswap-v3-based DEX, but there's no Safe multisig on Haven1. at this stage the highest-leverage move is probably a proper Safe deployment — it's what signals to protocols, DAOs and bridges that a chain is serious, and it unlocks the kind of TVL that makes a DEX worth running. for a chain selling itself on safety and RWAs, a Safe multisig is the most conspicuous missing piece — it's what institutions check for before custodying assets. we've deployed Safe for 130+ networks including Gnosis and others — fast to ship, low friction. open to a quick chat?","hey [Name], following up on the Safe idea for Haven1 — genuinely low-lift on our end, and it's the piece bridges/protocols look for first. worth a quick call?","Hi [Name] — Vic at Protofire DAO. For Haven1, a proper Safe multisig is probably the highest-leverage next step to signal you're serious. Open to a chat?","Thanks for connecting, [Name]. Had a look at Haven1 — hSwap already gives you a Uniswap-v3-based DEX, but there's no Safe multisig on Haven1. At this stage a proper Safe is the move: it's what protocols, DAOs and bridges look for, and it unlocks the TVL that makes a DEX worth running. for a chain selling itself on safety and RWAs, a Safe multisig is the most conspicuous missing piece — it's what institutions check for before custodying assets. We've deployed Safe for 130+ networks — fast, low friction. Open to a quick chat?","Hey [Name], no pressure — the Safe deploy is quick and low-cost, and it's usually the unlock for the next stage of an ecosystem. Here whenever you want to scope it.",Has UniV3-based hSwap already; gap = Safe (chain_id 8811 not in safe-deployments). CASE_4 Safe pitch.
Moonchain,EVM,L1,1 vol≠tvl,Moonchain Swap,1,2025-04-17,"$1,871",18686,—,NO,NO,UNCLEAR,—,Moonchain Swap: UNCLEAR — Described as part of a native cross-chain bridge/swap; reads more like a bridge facility than a constant-product AMM.,https://www.moonchain.com,DePIN network for IoT (formerly MXC) providing secure IoT data transmission via MXProtocol; technically an Arbitrum-based zkEVM L3.,"IoT-DePIN chain with tiny (~$1.9K) TVL; its 'swap' looks like a bridge, not an AMM. Exploratory — likely needs a real DEX + Safe.",CASE_6,"hey [Name], Vic from Protofire DAO — we deploy core DeFi infra for EVM chains. had a look at Moonchain and saw Moonchain Swap looks more like a cross-chain bridge facility than a native AMM. curious what it's built on under the hood? depending on the stack there might be a straightforward path to canonical Uniswap DAO recognition, which gets you prioritized by aggregators like 1inch and adds the official DAO badge. if there's no real AMM on-chain, a canonical Uniswap deployment would give your IoT/DePIN token actual on-chain liquidity, and a Safe covers treasury custody. we've done this for BOB, Abstract, Nibiru and others. if it's already a Uniswap fork we can potentially work with what you have. worth a quick chat?","hey [Name], following up — even a quick note on what Moonchain Swap runs on would help me tell you if there's a clean path to canonical recognition for Moonchain. no pressure.",Hi [Name] — Vic at Protofire DAO. Curious what Moonchain's DEX runs on under the hood — there may be a clean path to canonical Uniswap DAO recognition. Worth a chat?,"Thanks for connecting, [Name]. Saw Moonchain Swap looks more like a cross-chain bridge facility than a native AMM on Moonchain. if there's no real AMM on-chain, a canonical Uniswap deployment would give your IoT/DePIN token actual on-chain liquidity, and a Safe covers treasury custody. Curious what it's built on — depending on the stack there may be a straightforward path to canonical Uniswap DAO recognition (aggregator prioritization + official badge). We've done this for BOB, Abstract, Nibiru. If it's already a Uniswap fork we can work with what you have. Worth a quick chat?","Hey [Name], no rush — if you can point me to Moonchain Swap's docs or repo I can tell you quickly whether canonical recognition is on the table for Moonchain. Happy either way.","'Swap' likely a bridge, not AMM. No Safe. Minimal TVL. CASE_6/exploratory."
Prom,EVM,L2,2 vol≠tvl,"savmSwap, v60",2,2025-04-04,"$507,084",277,site,NO,NO,,,,,,,,,,,,,Beyond first-30 research scope (STEP 3/5/6 not run). STEP 1/2 computed.
HashKey Chain,EVM,L2,2 vol≠tvl,"DODO AMM, HyperInDex",8,2025-04-01,"$2,079",177,site,NO,YES,,,,,,,,,,,,,Beyond first-30 research scope (STEP 3/5/6 not run). STEP 1/2 computed.
MTT Network,EVM,L1,1 vol≠tvl,Yaakoswap,1,2025-03-24,$8,6880,site,NO,YES,,,,,,,,,,,,,Beyond first-30 research scope (STEP 3/5/6 not run). STEP 1/2 computed.
WINR,EVM,L1,1,Camelot V3,2,2025-03-23,"$743,033",777777,—,NO,NO,,,,,,,,,,,,,Beyond first-30 research scope (STEP 3/5/6 not run). STEP 1/2 computed.
Hydra Chain,EVM,L1,1,Hydradex V3,1,2025-03-12,"$21,000",4488,site,NO,YES,,,,,,,,,,,,,Beyond first-30 research scope (STEP 3/5/6 not run). STEP 1/2 computed.
Form Network,EVM,L2,1,Fibonacci Dex,5,2025-02-23,"$5,937",478,site,NO,YES,,,,,,,,,,,,,Beyond first-30 research scope (STEP 3/5/6 not run). STEP 1/2 computed.
Story,EVM,L1,3,"PiperX V3, Story Hunt, PiperX V2",13,2025-02-13,"$632,059",1514,site,NO,YES,,,,,,,,,,,,,Beyond first-30 research scope (STEP 3/5/6 not run). STEP 1/2 computed.
Stratis,EVM,L1,1 vol≠tvl,StraxSwap,3,2025-02-07,"$25,725",105105,—,NO,YES,,,,,,,,,,,,,Beyond first-30 research scope (STEP 3/5/6 not run). STEP 1/2 computed.
Silicon zkEVM,EVM,L2,2 vol≠tvl,"Fizzswap V3, Fizzswap V2",3,2025-02-07,"$7,743",2355,site,NO,NO,,,,,,,,,,,,,Beyond first-30 research scope (STEP 3/5/6 not run). STEP 1/2 computed.
Parex,EVM,L1,1 vol≠tvl,RaccoonSwap,1,2025-01-28,"$14,898",322202,—,NO,NO,,,,,,,,,,,,,Beyond first-30 research scope (STEP 3/5/6 not run). STEP 1/2 computed.
Zero Network,EVM,L2,2,"SakuraSwap CLMM, SakuraSwap AMM",2,2025-01-27,"$148,005",543210,site,NO,YES,,,,,,,,,,,,,Beyond first-30 research scope (STEP 3/5/6 not run). STEP 1/2 computed.
Superposition,EVM,L2,2 vol≠tvl,"Camelot V3, Camelot V2",3,2025-01-25,"$77,127",55244,site,NO,YES,,,,,,,,,,,,,Beyond first-30 research scope (STEP 3/5/6 not run). STEP 1/2 computed.
Artela,EVM,L1,1,ArtexSwap,3,2025-01-24,—,11820,—,NO,YES,,,,,,,,,,,,,Beyond first-30 research scope (STEP 3/5/6 not run). STEP 1/2 computed.
Waterfall,EVM,L1,1 vol≠tvl,Aquadex,1,2025-01-06,—,181,—,NO,YES,,,,,,,,,,,,,Beyond first-30 research scope (STEP 3/5/6 not run). STEP 1/2 computed.
CrossFi,EVM,L1,1 vol≠tvl,xSwap DEX,5,2025-01-04,"$39,861",4158,—,YES,YES,,,,,,,,,,,,,Beyond first-30 research scope (STEP 3/5/6 not run). STEP 1/2 computed.
Odyssey,EVM,L1,1 vol≠tvl,Diamondswap,3,2024-12-22,"$157,957",153153,—,NO,NO,,,,,,,,,,,,,Beyond first-30 research scope (STEP 3/5/6 not run). STEP 1/2 computed.
DuckChain,EVM,L1,3 vol≠tvl,"Camelot V3, Camelot V2, DuckSwap",4,2024-12-19,"$1,935",—,—,NO,UNCLEAR,,,,,,,,,,,,,Beyond first-30 research scope (STEP 3/5/6 not run). STEP 1/2 computed.
QL1,EVM,L1,1 vol≠tvl,QOMSWAP,1,2024-12-19,—,—,site,NO,UNCLEAR,,,,,,,,,,,,,Beyond first-30 research scope (STEP 3/5/6 not run). STEP 1/2 computed.
VinuChain,EVM,L1,1 vol≠tvl,VinuSwap,2,2024-12-13,"$9,605",207,—,NO,NO,,,,,,,,,,,,,Beyond first-30 research scope (STEP 3/5/6 not run). STEP 1/2 computed.
Shido,EVM,L1,2 vol≠tvl,"Shido Dex V3, Shido Dex V2",2,2024-11-15,"$905,660",—,—,NO,UNCLEAR,,,,,,,,,,,,,Beyond first-30 research scope (STEP 3/5/6 not run). STEP 1/2 computed.
Asset Chain,EVM,L1,1,Asset Chain Swap,2,2024-11-06,"$166,132",42420,—,NO,NO,,,,,,,,,,,,,Beyond first-30 research scope (STEP 3/5/6 not run). STEP 1/2 computed.
Matchain,EVM,L2,2 vol≠tvl,"MSwap, IncaSwap",6,2024-10-05,"$19,427",698,site,NO,YES,,,,,,,,,,,,,Beyond first-30 research scope (STEP 3/5/6 not run). STEP 1/2 computed.
HeLa,EVM,L1,1,cytoswap,3,2024-10-04,"$117,091",8668,—,NO,NO,,,,,,,,,,,,,Beyond first-30 research scope (STEP 3/5/6 not run). STEP 1/2 computed.
Electroneum,EVM,L1,2 vol≠tvl,"ElectroSwap V3, ElectroSwap V2",2,2024-09-14,"$139,551",52014,—,NO,NO,,,,,,,,,,,,,Beyond first-30 research scope (STEP 3/5/6 not run). STEP 1/2 computed.
Polynomial,EVM,L1,1 vol≠tvl,Polynomial Liquidity,2,2024-09-13,"$594,110",8008,site,NO,YES,,,,,,,,,,,,,Beyond first-30 research scope (STEP 3/5/6 not run). STEP 1/2 computed.
Dymension,EVM,L1,1 vol≠tvl,Dymension DEX,4,2024-08-28,"$156,950",—,site,NO,UNCLEAR,,,,,,,,,,,,,Beyond first-30 research scope (STEP 3/5/6 not run). STEP 1/2 computed.
Neo X Mainnet,EVM,L1,2 vol≠tvl,"Carrot Swap, Asteroneo",2,2024-08-27,"$7,533",47763,site,NO,YES,,,,,,,,,,,,,Beyond first-30 research scope (STEP 3/5/6 not run). STEP 1/2 computed.
LaChain Network,EVM,L1,1 vol≠tvl,MateSwap,2,2024-08-16,"$44,865",274,—,NO,YES,,,,,,,,,,,,,Beyond first-30 research scope (STEP 3/5/6 not run). STEP 1/2 computed.
Saakuru,EVM,L1,1 vol≠tvl,Taffy Finance,1,2024-07-22,"$84,216",7225878,—,YES,YES,,,,,,,,,,,,,Beyond first-30 research scope (STEP 3/5/6 not run). STEP 1/2 computed.
Mint,EVM,L1,1,MintSwap Finance,4,2024-06-25,—,185,—,YES,YES,,,,,,,,,,,,,Beyond first-30 research scope (STEP 3/5/6 not run). STEP 1/2 computed.
AILayer,EVM,L1,1 vol≠tvl,AINN Swap,7,2024-06-24,"$89,652",2649,—,NO,NO,,,,,,,,,,,,,Beyond first-30 research scope (STEP 3/5/6 not run). STEP 1/2 computed.
Rari,EVM,L1,2,"Camelot V3, Camelot V2",4,2024-06-18,"$8,387",1380012617,—,NO,NO,,,,,,,,,,,,,Beyond first-30 research scope (STEP 3/5/6 not run). STEP 1/2 computed.
Ham,EVM,L1,1 vol≠tvl,BBQSwap,1,2024-06-11,"$2,929",5112,site,NO,NO,,,,,,,,,,,,,Beyond first-30 research scope (STEP 3/5/6 not run). STEP 1/2 computed.
LUKSO,EVM,L1,2 vol≠tvl,"Phlox, Universal Swaps",7,2024-06-05,"$36,859",42,—,NO,YES,,,,,,,,,,,,,Beyond first-30 research scope (STEP 3/5/6 not run). STEP 1/2 computed.
Genesys,EVM,L1,1 vol≠tvl,BlueLotusDao DEX,2,2024-05-29,—,16507,—,NO,NO,,,,,,,,,,,,,Beyond first-30 research scope (STEP 3/5/6 not run). STEP 1/2 computed.
re.al,EVM,L2,2,"Pearl V2, Pearl V1.5",10,2024-05-23,—,111188,site,YES,YES,,,,,,,,,,,,,Beyond first-30 research scope (STEP 3/5/6 not run). STEP 1/2 computed.
BounceBit,EVM,L1,2 vol≠tvl,"BounceBit Swap V3, BounceBit Swap V2",13,2024-05-16,"$688,730",6001,—,NO,YES,,,,,,,,,,,,,Beyond first-30 research scope (STEP 3/5/6 not run). STEP 1/2 computed.
Endurance,EVM,L1,2 vol≠tvl,"Catalist DEX, Tesseract World",4,2024-05-09,$26,648,—,NO,YES,,,,,,,,,,,,,Beyond first-30 research scope (STEP 3/5/6 not run). STEP 1/2 computed.
Planq,EVM,L1,2 vol≠tvl,"Ciento Exchange, Physica Finance",2,2024-04-19,"$5,259",7070,—,NO,YES,,,,,,,,,,,,,Beyond first-30 research scope (STEP 3/5/6 not run). STEP 1/2 computed.
Ancient8,EVM,L1,2 vol≠tvl,"Baryon Network, Ancient8 Swap",3,2024-04-16,"$38,010",888888888,site,NO,YES,,,,,,,,,,,,,Beyond first-30 research scope (STEP 3/5/6 not run). STEP 1/2 computed.
HAQQ,EVM,L1,1 vol≠tvl,SushiSwap,5,2024-04-04,$11,11235,—,NO,YES,,,,,,,,,,,,,Beyond first-30 research scope (STEP 3/5/6 not run). STEP 1/2 computed.
RSS3,EVM,L1,1 vol≠tvl,Openswap VSL,1,2024-03-26,—,—,—,NO,UNCLEAR,,,,,,,,,,,,,Beyond first-30 research scope (STEP 3/5/6 not run). STEP 1/2 computed.
DeFiChain EVM,EVM,L1,2,"VanillaSwap V2, VanillaSwap V3",3,2024-03-25,"$97,150",1130,—,NO,NO,,,,,,,,,,,,,Beyond first-30 research scope (STEP 3/5/6 not run). STEP 1/2 computed.
Bahamut,EVM,L1,2 vol≠tvl,"SilkSwap, Kujata",8,2024-03-22,—,—,site,NO,UNCLEAR,,,,,,,,,,,,,Beyond first-30 research scope (STEP 3/5/6 not run). STEP 1/2 computed.
Immutable zkEVM,EVM,L1,2,"Quickswap V3, WarpGate",5,2024-03-22,"$11,241,448",13371,site,YES,YES,,,,,,,,,,,,,Beyond first-30 research scope (STEP 3/5/6 not run). STEP 1/2 computed.
Q Protocol,EVM,L1,1 vol≠tvl,Elk,4,2024-03-14,"$9,376",35441,—,NO,YES,,,,,,,,,,,,,Beyond first-30 research scope (STEP 3/5/6 not run). STEP 1/2 computed.
inEVM,EVM,L1,3 vol≠tvl,"Poolshark, DackieSwap V3, DackieSwap V2",7,2024-03-12,—,2525,—,NO,NO,,,,,,,,,,,,,Beyond first-30 research scope (STEP 3/5/6 not run). STEP 1/2 computed. chain_id 2525 labeled 'BB1' in Protofire repo; not treated as a Protofire match.
DeFiVerse,EVM,L1,1,Gaming DEX,1,2024-03-08,—,16116,—,NO,NO,,,,,,,,,,,,,Beyond first-30 research scope (STEP 3/5/6 not run). STEP 1/2 computed.
Bitrock,EVM,L1,1,Rockswap,4,2024-03-01,—,7171,—,NO,YES,,,,,,,,,,,,,Beyond first-30 research scope (STEP 3/5/6 not run). STEP 1/2 computed.
Bitnet,EVM,L1,1 vol≠tvl,Xenwave,1,2024-01-27,—,—,site,NO,UNCLEAR,,,,,,,,,,,,,Beyond first-30 research scope (STEP 3/5/6 not run). STEP 1/2 computed.
AirDAO,EVM,L1,2 vol≠tvl,"FirepotSwap, Astra",6,2024-01-16,—,16718,—,NO,NO,,,,,,,,,,,,,Beyond first-30 research scope (STEP 3/5/6 not run). STEP 1/2 computed.
JBC,EVM,L1,3 vol≠tvl,"Junoswap.trade, JIBSWAP, CommuDAO GameSwap",4,2023-12-25,"$5,850",—,—,NO,UNCLEAR,,,,,,,,,,,,,Beyond first-30 research scope (STEP 3/5/6 not run). STEP 1/2 computed.
Horizen EON,EVM,L1,3,"SpookySwap V2, Ascent Exchange V1, Ascent Exchange V3",7,2023-11-08,—,7332,—,YES,YES,,,,,,,,,,,,,Beyond first-30 research scope (STEP 3/5/6 not run). STEP 1/2 computed.
Omax,EVM,L1,1,Omax Swap,2,2023-10-31,"$12,494",—,—,NO,UNCLEAR,,,,,,,,,,,,,Beyond first-30 research scope (STEP 3/5/6 not run). STEP 1/2 computed.
ETHF,EVM,L1,1 vol≠tvl,Sdex,1,2023-10-23,—,—,—,NO,UNCLEAR,,,,,,,,,,,,,Beyond first-30 research scope (STEP 3/5/6 not run). STEP 1/2 computed.
MEER,EVM,L1,1,CandySwap,1,2023-10-23,—,—,—,NO,UNCLEAR,,,,,,,,,,,,,Beyond first-30 research scope (STEP 3/5/6 not run). STEP 1/2 computed.
Elysium,EVM,L1,1 vol≠tvl,ElysiumSwap,1,2023-10-23,"$18,415",—,—,NO,UNCLEAR,,,,,,,,,,,,,Beyond first-30 research scope (STEP 3/5/6 not run). STEP 1/2 computed.
Bifrost Network,EVM,L1,1,Everdex,5,2023-10-18,"$13,258,192",—,—,NO,UNCLEAR,,,,,,,,,,,,,Beyond first-30 research scope (STEP 3/5/6 not run). STEP 1/2 computed.
Dexalot,EVM,L1,1,Dexalot DEX,1,2023-10-13,"$1,786,555",432204,—,NO,NO,,,,,,,,,,,,,Beyond first-30 research scope (STEP 3/5/6 not run). STEP 1/2 computed.
Beam,EVM,L1,2 vol≠tvl,"Beam Swap, Inferno Swap",2,2023-10-10,"$1,013,418",4337,site,YES,YES,,,,,,,,,,,,,Beyond first-30 research scope (STEP 3/5/6 not run). STEP 1/2 computed.
Kroma,EVM,L2,2 vol≠tvl,"iZiSwap, Prixmswap",8,2023-09-16,—,255,site,YES,YES,,,,,,,,,,,,,Beyond first-30 research scope (STEP 3/5/6 not run). STEP 1/2 computed.
Pego,EVM,L1,1 vol≠tvl,W3swap,2,2023-09-13,"$47,690",—,—,NO,UNCLEAR,,,,,,,,,,,,,Beyond first-30 research scope (STEP 3/5/6 not run). STEP 1/2 computed.
Darwinia,EVM,L1,1 vol≠tvl,SnowSwap AMM,1,2023-09-09,"$4,236",—,—,NO,UNCLEAR,,,,,,,,,,,,,Beyond first-30 research scope (STEP 3/5/6 not run). STEP 1/2 computed.
DSC,EVM,L1,1 vol≠tvl,AmpleSwap,1,2023-09-02,—,—,—,NO,UNCLEAR,,,,,,,,,,,,,Beyond first-30 research scope (STEP 3/5/6 not run). STEP 1/2 computed.
ALV,EVM,L1,2 vol≠tvl,"AmpleSwap, Alvey Dex",2,2023-08-26,—,—,—,NO,UNCLEAR,,,,,,,,,,,,,Beyond first-30 research scope (STEP 3/5/6 not run). STEP 1/2 computed.
Aura Network,EVM,L1,2 vol≠tvl,"HaloTrade Cosmos, HaloTrade EVM",3,2023-08-09,"$19,776",—,—,NO,UNCLEAR,,,,,,,,,,,,,Beyond first-30 research scope (STEP 3/5/6 not run). STEP 1/2 computed.
Tenet,EVM,L1,2 vol≠tvl,"Tenx, Tendie Swap",3,2023-07-11,—,—,site,YES,UNCLEAR,,,,,,,,,,,,,Beyond first-30 research scope (STEP 3/5/6 not run). STEP 1/2 computed.
Rollux,EVM,L1,2 vol≠tvl,"Chainge Finance, PegaSys V3",5,2023-06-30,"$12,169,897",—,—,NO,UNCLEAR,,,,,,,,,,,,,Beyond first-30 research scope (STEP 3/5/6 not run). STEP 1/2 computed.
ENULS,EVM,L1,1,PheasantSwap,3,2023-04-26,—,—,—,NO,UNCLEAR,,,,,,,,,,,,,Beyond first-30 research scope (STEP 3/5/6 not run). STEP 1/2 computed.
Oasys,EVM,L1,3 vol≠tvl,"Gaming DEX, Tealswap V3, Tealswap V2",7,2023-04-23,"$497,372",—,—,NO,UNCLEAR,,,,,,,,,,,,,Beyond first-30 research scope (STEP 3/5/6 not run). STEP 1/2 computed.
Loop,EVM,L1,2 vol≠tvl,"Sphynx, ZukeSwap",2,2023-03-21,"$21,640",—,—,NO,UNCLEAR,,,,,,,,,,,,,Beyond first-30 research scope (STEP 3/5/6 not run). STEP 1/2 computed.
Lung,EVM,L1,1 vol≠tvl,Lunagens,1,2023-03-11,—,78887,site,NO,NO,,,,,,,,,,,,,Beyond first-30 research scope (STEP 3/5/6 not run). STEP 1/2 computed.
Crab,EVM,L1,1 vol≠tvl,SnowSwap AMM,1,2023-03-09,"$2,301",44,—,NO,YES,,,,,,,,,,,,,Beyond first-30 research scope (STEP 3/5/6 not run). STEP 1/2 computed.
Bitindi,EVM,L1,1 vol≠tvl,Bitindi Dex,2,2023-01-26,—,—,—,NO,UNCLEAR,,,,,,,,,,,,,Beyond first-30 research scope (STEP 3/5/6 not run). STEP 1/2 computed.
Zeniq,EVM,L1,1 vol≠tvl,Zeniq Swap,1,2023-01-15,—,—,site,NO,UNCLEAR,,,,,,,,,,,,,Beyond first-30 research scope (STEP 3/5/6 not run). STEP 1/2 computed.
Boba_Bnb,EVM,L1,1 vol≠tvl,SushiSwap,1,2022-12-24,—,—,—,YES,UNCLEAR,,,,,,,,,,,,,Beyond first-30 research scope (STEP 3/5/6 not run). STEP 1/2 computed.
Empire,EVM,L1,1 vol≠tvl,EmpireDEX,1,2022-12-23,—,—,—,NO,UNCLEAR,,,,,,,,,,,,,Beyond first-30 research scope (STEP 3/5/6 not run). STEP 1/2 computed.
Dexit,EVM,L1,1 vol≠tvl,Dexit Finance Swap,3,2022-12-14,—,—,—,NO,UNCLEAR,,,,,,,,,,,,,Beyond first-30 research scope (STEP 3/5/6 not run). STEP 1/2 computed.
Step,EVM,L1,1,Step Exchange,2,2022-11-25,"$24,560",—,—,NO,UNCLEAR,,,,,,,,,,,,,Beyond first-30 research scope (STEP 3/5/6 not run). STEP 1/2 computed.
Onus,EVM,L1,3 vol≠tvl,"Defily Dex, Heraswap, MiaSwap",5,2022-11-12,"$284,925",—,—,NO,UNCLEAR,,,,,,,,,,,,,Beyond first-30 research scope (STEP 3/5/6 not run). STEP 1/2 computed.
MUUCHAIN,EVM,L1,1 vol≠tvl,BarnSwap,1,2022-11-08,—,20402,site,NO,NO,,,,,,,,,,,,,Beyond first-30 research scope (STEP 3/5/6 not run). STEP 1/2 computed.
Milkomeda A1,EVM,L1,2 vol≠tvl,"Blueshift, BrightSide",3,2022-10-27,"$1,146",2002,—,NO,YES,,,,,,,,,,,,,Beyond first-30 research scope (STEP 3/5/6 not run). STEP 1/2 computed.
Kekchain,EVM,L1,2 vol≠tvl,"Frog Swap, KekSwap",3,2022-10-23,—,420420,site,NO,NO,,,,,,,,,,,,,Beyond first-30 research scope (STEP 3/5/6 not run). STEP 1/2 computed.
Cube,EVM,L1,1,Capricorn Finance,3,2022-09-26,—,1818,—,NO,NO,,,,,,,,,,,,,Beyond first-30 research scope (STEP 3/5/6 not run). STEP 1/2 computed.
Vision,EVM,L1,1,VanSwap,2,2022-09-06,—,—,—,NO,UNCLEAR,,,,,,,,,,,,,Beyond first-30 research scope (STEP 3/5/6 not run). STEP 1/2 computed.
Tombchain,EVM,L1,1,Lif3 Swap,1,2022-08-30,"$18,219",—,—,NO,UNCLEAR,,,,,,,,,,,,,Beyond first-30 research scope (STEP 3/5/6 not run). STEP 1/2 computed.
Ultron,EVM,L1,2,"iZiSwap, UltronSwap",3,2022-08-29,"$99,172",1231,—,NO,YES,,,,,,,,,,,,,Beyond first-30 research scope (STEP 3/5/6 not run). STEP 1/2 computed.
Bifrost,EVM,L1,1,Bifrost DEX,4,2022-08-27,"$5,110,814",—,—,NO,UNCLEAR,,,,,,,,,,,,,Beyond first-30 research scope (STEP 3/5/6 not run). STEP 1/2 computed.
CLV,EVM,L1,1,Huckleberry AMM,6,2022-08-14,—,1024,—,NO,NO,,,,,,,,,,,,,Beyond first-30 research scope (STEP 3/5/6 not run). STEP 1/2 computed.
REI,EVM,L1,1 vol≠tvl,OortSwap,7,2022-07-20,"$1,307",47805,—,NO,YES,,,,,,,,,,,,,Beyond first-30 research scope (STEP 3/5/6 not run). STEP 1/2 computed.
Nova Network,EVM,L1,2 vol≠tvl,"Fusion Dex, QuasarSwap",2,2022-07-04,—,87,site,NO,NO,,,,,,,,,,,,,Beyond first-30 research scope (STEP 3/5/6 not run). STEP 1/2 computed.
Acala,EVM,L1,1,Acala Swap,10,2022-06-22,"$116,194",—,—,NO,UNCLEAR,,,,,,,,,,,,,Beyond first-30 research scope (STEP 3/5/6 not run). STEP 1/2 computed.
MultiVAC,EVM,L1,2 vol≠tvl,"VAX, ABcDeFX",3,2022-06-18,"$6,654",—,—,NO,UNCLEAR,,,,,,,,,,,,,Beyond first-30 research scope (STEP 3/5/6 not run). STEP 1/2 computed.
OntologyEVM,EVM,L1,2,"iZiSwap, UniFi",4,2022-05-31,"$2,337",58,—,NO,NO,,,,,,,,,,,,,Beyond first-30 research scope (STEP 3/5/6 not run). STEP 1/2 computed.
REIchain,EVM,L1,1 vol≠tvl,Foodcourt,1,2022-05-30,"$1,564",55555,—,NO,NO,,,,,,,,,,,,,Beyond first-30 research scope (STEP 3/5/6 not run). STEP 1/2 computed.
Lachain,EVM,L1,1 vol≠tvl,Ladex Exchange,3,2022-05-25,"$16,595",225,—,NO,NO,,,,,,,,,,,,,Beyond first-30 research scope (STEP 3/5/6 not run). STEP 1/2 computed.
Hydra,EVM,L1,2,"Hydradex V2, Hydradex V3",3,2022-04-21,"$19,248",—,—,NO,UNCLEAR,,,,,,,,,,,,,Beyond first-30 research scope (STEP 3/5/6 not run). STEP 1/2 computed.
DFK,EVM,L1,1 vol≠tvl,Crystalvale,2,2022-04-01,"$775,017",53935,—,YES,NO,,,,,,,,,,,,,Beyond first-30 research scope (STEP 3/5/6 not run). STEP 1/2 computed.
Syscoin,EVM,L1,1,PegaSys V2,4,2022-02-19,—,57,—,NO,YES,,,,,,,,,,,,,Beyond first-30 research scope (STEP 3/5/6 not run). STEP 1/2 computed.
Curio,EVM,L2,1 vol≠tvl,CapitalDEX,1,2022-02-04,—,836542336838601,site,NO,NO,,,,,,,,,,,,,Beyond first-30 research scope (STEP 3/5/6 not run). STEP 1/2 computed.
Theta,EVM,L1,2 vol≠tvl,"ThetaSwap, VoltSwap",6,2022-01-11,"$368,579",361,—,NO,NO,,,,,,,,,,,,,Beyond first-30 research scope (STEP 3/5/6 not run). STEP 1/2 computed.
Nahmii,EVM,L1,1 vol≠tvl,NiiFi,1,2021-12-30,"$54,496",5551,—,NO,NO,,,,,,,,,,,,,Beyond first-30 research scope (STEP 3/5/6 not run). STEP 1/2 computed.
CSC,EVM,L1,2 vol≠tvl,"OneSwap, IFSwap",5,2021-12-18,"$274,915",52,—,NO,NO,,,,,,,,,,,,,Beyond first-30 research scope (STEP 3/5/6 not run). STEP 1/2 computed.
Callisto,EVM,L1,1,Soy Finance,1,2021-12-12,"$4,117",820,—,NO,NO,,,,,,,,,,,,,Beyond first-30 research scope (STEP 3/5/6 not run). STEP 1/2 computed.
Godwoken,EVM,L1,2 vol≠tvl,"YokaiSwap, StableKoi",3,2021-12-10,"$54,665",71394,—,NO,NO,,,,,,,,,,,,,Beyond first-30 research scope (STEP 3/5/6 not run). STEP 1/2 computed.
Ubiq,EVM,L1,1 vol≠tvl,Shinobi,1,2021-11-30,—,8,site,NO,NO,,,,,,,,,,,,,Beyond first-30 research scope (STEP 3/5/6 not run). STEP 1/2 computed.
ZYX,EVM,L1,1 vol≠tvl,ZYXSwap,1,2021-11-16,—,55,—,NO,NO,,,,,,,,,,,,,Beyond first-30 research scope (STEP 3/5/6 not run). STEP 1/2 computed.
Polis,EVM,L1,1 vol≠tvl,Hades Swap,1,2021-11-14,—,333999,—,NO,YES,,,,,,,,,,,,,Beyond first-30 research scope (STEP 3/5/6 not run). STEP 1/2 computed.
Elastos,EVM,L1,2,"Elk, Glide Finance",3,2021-11-08,"$245,162",20,—,NO,NO,,,,,,,,,,,,,Beyond first-30 research scope (STEP 3/5/6 not run). STEP 1/2 computed.
Hoo,EVM,L1,2 vol≠tvl,"Elk, PuddingSwap",4,2021-11-04,—,70,—,NO,NO,,,,,,,,,,,,,Beyond first-30 research scope (STEP 3/5/6 not run). STEP 1/2 computed.
Ronin,EVM,L1,2 vol≠tvl,"Katana DEX, Katana DEX V3",12,2021-11-03,"$14,108,113",2020,—,NO,YES,,,,,,,,,,,,,Beyond first-30 research scope (STEP 3/5/6 not run). STEP 1/2 computed.
GoChain,EVM,L1,1 vol≠tvl,GoSwap,1,2021-10-20,"$13,165",60,site,NO,NO,,,,,,,,,,,,,Beyond first-30 research scope (STEP 3/5/6 not run). STEP 1/2 computed.
EnergyWeb,EVM,L1,1,CarbonSwap,2,2021-10-15,"$64,058",246,—,NO,YES,,,,,,,,,,,,,Beyond first-30 research scope (STEP 3/5/6 not run). STEP 1/2 computed.
Palm,EVM,L1,2 vol≠tvl,"SushiSwap, DONASWAP V2",2,2021-09-14,$529,11297108109,site,NO,YES,,,,,,,,,,,,,Beyond first-30 research scope (STEP 3/5/6 not run). STEP 1/2 computed.
Fusion,EVM,L1,2 vol≠tvl,"Chainge Finance, DONASWAP V2",3,2021-09-13,—,32659,—,NO,NO,,,,,,,,,,,,,Beyond first-30 research scope (STEP 3/5/6 not run). STEP 1/2 computed.
HPB,EVM,L1,1 vol≠tvl,Hpdex,1,2021-09-07,—,269,—,NO,NO,,,,,,,,,,,,,Beyond first-30 research scope (STEP 3/5/6 not run). STEP 1/2 computed.
Karura,EVM,L1,1,Karura Swap,5,2021-08-11,"$69,855",—,—,NO,UNCLEAR,,,,,,,,,,,,,Beyond first-30 research scope (STEP 3/5/6 not run). STEP 1/2 computed.
Energi,EVM,L1,1,Energiswap,3,2021-03-27,"$152,543",39797,—,NO,NO,,,,,,,,,,,,,Beyond first-30 research scope (STEP 3/5/6 not run). STEP 1/2 computed.
Bitcoin,EVM,L1,1 vol≠tvl,Thorchain DEX,157,2021-03-20,"$5,065,609,593",—,—,NO,UNCLEAR,,,,,,,,,,,,,Beyond first-30 research scope (STEP 3/5/6 not run). STEP 1/2 computed.
