Network,Status,Offer,Chain_ID,DEXs,DEXs_count,Protocols,Launch_Date,TVL,safe_protofire,safe_exists,Notes
AILayer,Active,Safe + UniV3,2649,AINN Swap,1 vol≠tvl,7,6/24/2024,"$89,652",NO,NO,
Rari,DEAD — Shut down 2024,Safe + UniV3,1380012617,"Camelot V3, Camelot V2",2,4,6/18/2024,"$8,387",NO,NO,
Ham,Active,Safe + UniV3,5112,BBQSwap,1 vol≠tvl,1,6/11/2024,"$2,929",NO,NO,
LUKSO,Active,UniV3,42,"Phlox, Universal Swaps",2 vol≠tvl,7,6/5/2024,"$36,859",NO,YES,
Genesys,Uncertain — verify,Safe + UniV3,16507,BlueLotusDao DEX,1 vol≠tvl,2,5/29/2024,—,NO,NO,
re.al,DEAD — Shut down June 2025,UniV3,111188,"Pearl V2, Pearl V1.5",2,10,5/23/2024,—,YES,YES,
BounceBit,Active,Canonical UniV3,6001,"BounceBit Swap V3, BounceBit Swap V2",2 vol≠tvl,13,5/16/2024,"$688,730",NO,YES,
Endurance,Active,UniV3,648,"Catalist DEX, Tesseract World",2 vol≠tvl,4,5/9/2024,$26,NO,YES,
Planq,Active,UniV3,7070,"Ciento Exchange, Physica Finance",2 vol≠tvl,2,4/19/2024,"$5,259",NO,YES,
Ancient8,Active,UniV3,888888888,"Baryon Network, Ancient8 Swap",2 vol≠tvl,3,4/16/2024,"$38,010",NO,YES,
HAQQ,Active,UniV3,11235,SushiSwap,1 vol≠tvl,5,4/4/2024,$11,NO,YES,
RSS3,Uncertain — verify,Safe + UniV3,—,Openswap VSL,1 vol≠tvl,1,3/26/2024,—,NO,UNCLEAR,
DeFiChain EVM,Active,Safe + UniV3,1130,"VanillaSwap V2, VanillaSwap V3",2,3,3/25/2024,"$97,150",NO,NO,
Bahamut,Uncertain — verify,Safe + UniV3,—,"SilkSwap, Kujata",2 vol≠tvl,8,3/22/2024,—,NO,UNCLEAR,
Immutable zkEVM,Active,Canonical UniV3,13371,"Quickswap V3, WarpGate",2,5,3/22/2024,"$11,241,448",YES,YES,
Q Protocol,Active,UniV3,35441,Elk,1 vol≠tvl,4,3/14/2024,"$9,376",NO,YES,
inEVM,Active,Safe + UniV3,2525,"Poolshark, DackieSwap V3, DackieSwap V2",3 vol≠tvl,7,3/12/2024,—,NO,NO,
DeFiVerse,Active,Safe + UniV3,16116,Gaming DEX,1,1,3/8/2024,—,NO,NO,
Bitrock,Uncertain — verify,UniV3,7171,Rockswap,1,4,3/1/2024,—,NO,YES,
Bitnet,Uncertain — verify,Safe + UniV3,—,Xenwave,1 vol≠tvl,1,1/27/2024,—,NO,UNCLEAR,
AirDAO,Active,Safe + UniV3,16718,"FirepotSwap, Astra",2 vol≠tvl,6,1/16/2024,—,NO,NO,
JBC,Uncertain — verify,Safe + UniV3,—,"Junoswap.trade, JIBSWAP, CommuDAO GameSwap",3 vol≠tvl,4,12/25/2023,"$5,850",NO,UNCLEAR,
Horizen EON,Active,Canonical UniV3,7332,"SpookySwap V2, Ascent Exchange V1, Ascent Exchange V3",3,7,11/8/2023,—,YES,YES,
Omax,Uncertain — verify,Safe + UniV3,—,Omax Swap,1,2,10/31/2023,"$12,494",NO,UNCLEAR,
ETHF,Uncertain — verify,Safe + UniV3,—,Sdex,1 vol≠tvl,1,10/23/2023,—,NO,UNCLEAR,
MEER,Uncertain — verify,Safe + UniV3,—,CandySwap,1,1,10/23/2023,—,NO,UNCLEAR,
Elysium,Uncertain — verify,Safe + UniV3,—,ElysiumSwap,1 vol≠tvl,1,10/23/2023,"$18,415",NO,UNCLEAR,
Bifrost Network,Active,Safe + UniV3,—,Everdex,1,5,10/18/2023,"$13,258,192",NO,UNCLEAR,
Dexalot,Active,Safe + UniV3,432204,Dexalot DEX,1,1,10/13/2023,"$1,786,555",NO,NO,
Beam,Active,UniV3,4337,"Beam Swap, Inferno Swap",2 vol≠tvl,2,10/10/2023,"$1,013,418",YES,YES,
Kroma,Active,UniV3,255,"iZiSwap, Prixmswap",2 vol≠tvl,8,9/16/2023,—,YES,YES,
Pego,Uncertain — verify,Safe + UniV3,—,W3swap,1 vol≠tvl,2,9/13/2023,"$47,690",NO,UNCLEAR,
Darwinia,Uncertain — verify,Safe + UniV3,—,SnowSwap AMM,1 vol≠tvl,1,9/9/2023,"$4,236",NO,UNCLEAR,
DSC,Uncertain — verify,Safe + UniV3,—,AmpleSwap,1 vol≠tvl,1,9/2/2023,—,NO,UNCLEAR,
ALV,Uncertain — verify,Safe + UniV3,—,"AmpleSwap, Alvey Dex",2 vol≠tvl,2,8/26/2023,—,NO,UNCLEAR,
Aura Network,Active,Safe + UniV3,—,"HaloTrade Cosmos, HaloTrade EVM",2 vol≠tvl,3,8/9/2023,"$19,776",NO,UNCLEAR,
Tenet,DEAD — Inactive/defunct 2024,UniV3,—,"Tenx, Tendie Swap",2 vol≠tvl,3,7/11/2023,—,YES,UNCLEAR,
Rollux,Active,Safe + UniV3,—,"Chainge Finance, PegaSys V3",2 vol≠tvl,5,6/30/2023,"$12,169,897",NO,UNCLEAR,
ENULS,Uncertain — verify,Safe + UniV3,—,PheasantSwap,1,3,4/26/2023,—,NO,UNCLEAR,
Oasys,Active,Safe + UniV3,—,"Gaming DEX, Tealswap V3, Tealswap V2",3 vol≠tvl,7,4/23/2023,"$497,372",NO,UNCLEAR,
Loop,Uncertain — verify,Safe + UniV3,—,"Sphynx, ZukeSwap",2 vol≠tvl,2,3/21/2023,"$21,640",NO,UNCLEAR,
Lung,Uncertain — verify,Safe + UniV3,78887,Lunagens,1 vol≠tvl,1,3/11/2023,—,NO,NO,
Crab,Active,UniV3,44,SnowSwap AMM,1 vol≠tvl,1,3/9/2023,"$2,301",NO,YES,
Bitindi,Uncertain — verify,Safe + UniV3,—,Bitindi Dex,1 vol≠tvl,2,1/26/2023,—,NO,UNCLEAR,
Zeniq,Uncertain — verify,Safe + UniV3,—,Zeniq Swap,1 vol≠tvl,1,1/15/2023,—,NO,UNCLEAR,
Boba_Bnb,DEAD — Boba BNB chain sunset,UniV3,—,SushiSwap,1 vol≠tvl,1,12/24/2022,—,YES,UNCLEAR,
Empire,DEAD — Abandoned,Safe + UniV3,—,EmpireDEX,1 vol≠tvl,1,12/23/2022,—,NO,UNCLEAR,
Dexit,Uncertain — verify,Safe + UniV3,—,Dexit Finance Swap,1 vol≠tvl,3,12/14/2022,—,NO,UNCLEAR,
Step,Uncertain — verify,Safe + UniV3,—,Step Exchange,1,2,11/25/2022,"$24,560",NO,UNCLEAR,
Onus,Active,Safe + UniV3,—,"Defily Dex, Heraswap, MiaSwap",3 vol≠tvl,5,11/12/2022,"$284,925",NO,UNCLEAR,
MUUCHAIN,Uncertain — verify,Safe + UniV3,20402,BarnSwap,1 vol≠tvl,1,11/8/2022,—,NO,NO,
Milkomeda A1,DEAD — Milkomeda wound down operations 2024,UniV3,2002,"Blueshift, BrightSide",2 vol≠tvl,3,10/27/2022,"$1,146",NO,YES,
Kekchain,DEAD — Abandoned meme chain,Safe + UniV3,420420,"Frog Swap, KekSwap",2 vol≠tvl,3,10/23/2022,—,NO,NO,
Cube,Active,Safe + UniV3,1818,Capricorn Finance,1,3,9/26/2022,—,NO,NO,
Vision,Uncertain — verify,Safe + UniV3,—,VanSwap,1,2,9/6/2022,—,NO,UNCLEAR,
Tombchain,"DEAD — Defunct, token collapsed",Safe + UniV3,—,Lif3 Swap,1,1,8/30/2022,"$18,219",NO,UNCLEAR,
Ultron,Active,UniV3,1231,"iZiSwap, UltronSwap",2,3,8/29/2022,"$99,172",NO,YES,
Bifrost,Active,Safe + UniV3,—,Bifrost DEX,1,4,8/27/2022,"$5,110,814",NO,UNCLEAR,
CLV,Active,Safe + UniV3,1024,Huckleberry AMM,1,6,8/14/2022,—,NO,NO,
REI,Active,UniV3,47805,OortSwap,1 vol≠tvl,7,7/20/2022,"$1,307",NO,YES,
Nova Network,Uncertain — verify,Safe + UniV3,87,"Fusion Dex, QuasarSwap",2 vol≠tvl,2,7/4/2022,—,NO,NO,
Acala,Active,Safe + UniV3,—,Acala Swap,1,10,6/22/2022,"$116,194",NO,UNCLEAR,
MultiVAC,Uncertain — verify,Safe + UniV3,—,"VAX, ABcDeFX",2 vol≠tvl,3,6/18/2022,"$6,654",NO,UNCLEAR,
OntologyEVM,Active,Safe + UniV3,58,"iZiSwap, UniFi",2,4,5/31/2022,"$2,337",NO,NO,
REIchain,Uncertain — verify,Safe + UniV3,55555,Foodcourt,1 vol≠tvl,1,5/30/2022,"$1,564",NO,NO,
Lachain,Active,Safe + UniV3,225,Ladex Exchange,1 vol≠tvl,3,5/25/2022,"$16,595",NO,NO,
Hydra,Active,Safe + UniV3,—,"Hydradex V2, Hydradex V3",2,3,4/21/2022,"$19,248",NO,UNCLEAR,
DFK,Active,UniV3,53935,Crystalvale,1 vol≠tvl,2,4/1/2022,"$775,017",YES,NO,
Syscoin,Active,UniV3,57,PegaSys V2,1,4,2/19/2022,—,NO,YES,
Curio,Active,Safe + UniV3,8.37E+14,CapitalDEX,1 vol≠tvl,1,2/4/2022,—,NO,NO,
Theta,Active,Safe + UniV3,361,"ThetaSwap, VoltSwap",2 vol≠tvl,6,1/11/2022,"$368,579",NO,NO,
Nahmii,"DEAD — Inactive, no activity since 2023",Safe + UniV3,5551,NiiFi,1 vol≠tvl,1,12/30/2021,"$54,496",NO,NO,
CSC,Active,Safe + UniV3,52,"OneSwap, IFSwap",2 vol≠tvl,5,12/18/2021,"$274,915",NO,NO,
Callisto,Active,Safe + UniV3,820,Soy Finance,1,1,12/12/2021,"$4,117",NO,NO,
Godwoken,Active,Safe + UniV3,71394,"YokaiSwap, StableKoi",2 vol≠tvl,3,12/10/2021,"$54,665",NO,NO,
Ubiq,Uncertain — verify,Safe + UniV3,8,Shinobi,1 vol≠tvl,1,11/30/2021,—,NO,NO,
ZYX,Uncertain — verify,Safe + UniV3,55,ZYXSwap,1 vol≠tvl,1,11/16/2021,—,NO,NO,
Polis,Uncertain — verify,UniV3,333999,Hades Swap,1 vol≠tvl,1,11/14/2021,—,NO,YES,
Elastos,Active,Safe + UniV3,20,"Elk, Glide Finance",2,3,11/8/2021,"$245,162",NO,NO,
Hoo,Uncertain — verify,Safe + UniV3,70,"Elk, PuddingSwap",2 vol≠tvl,4,11/4/2021,—,NO,NO,
Ronin,Active,Canonical UniV3,2020,"Katana DEX, Katana DEX V3",2 vol≠tvl,12,11/3/2021,"$14,108,113",NO,YES,
GoChain,Uncertain — verify,Safe + UniV3,60,GoSwap,1 vol≠tvl,1,10/20/2021,"$13,165",NO,NO,
EnergyWeb,Active,UniV3,246,CarbonSwap,1,2,10/15/2021,"$64,058",NO,YES,
Palm,Active,UniV3,11297108109,"SushiSwap, DONASWAP V2",2 vol≠tvl,2,9/14/2021,$529,NO,YES,
Fusion,Active,Safe + UniV3,32659,"Chainge Finance, DONASWAP V2",2 vol≠tvl,3,9/13/2021,—,NO,NO,
HPB,Uncertain — verify,Safe + UniV3,269,Hpdex,1 vol≠tvl,1,9/7/2021,—,NO,NO,
Karura,Active,Safe + UniV3,—,Karura Swap,1,5,8/11/2021,"$69,855",NO,UNCLEAR,
Energi,Active,Safe + UniV3,39797,Energiswap,1,3,3/27/2021,"$152,543",NO,NO,
Bitcoin,Active,Safe + UniV3,—,Thorchain DEX,1 vol≠tvl,157,3/20/2021,"$5,065,609,593",NO,UNCLEAR,
