network_name,case,tg_cold,tg_followup,li_connect,li_first,li_followup
Prom,CASE_5,"hey [Name], Vic from Protofire DAO. looked at Prom's DEX setup — you've got savmSwap running on V2 which is solid, but no V3 yet. worth considering: V3's concentrated liquidity attracts a different class of LPs — active managers and yield optimizers. V2 is great for passive liquidity, but V3 is what pulls in sophisticated market makers. for a gaming/NFT L2, V3 concentrated liquidity gives market makers tighter pricing on your key pairs as volume ramps. we've deployed V3 on 12+ chains and can layer it on top of your existing V2 — same familiar UI, same stack, just more powerful. usually 2–4 weeks. open to a quick chat?","hey [Name], circling back on the V3 idea for Prom — we can layer it on savmSwap without disrupting your current V2 pools. want me to send a quick scope?",Hi [Name] — Vic at Protofire DAO. Prom has savmSwap on V2 but no V3 yet; V3 is what pulls in active LPs/market makers. We can layer it on. Worth a chat?,"Thanks for connecting, [Name]. Saw Prom runs savmSwap on V2 — solid, but no V3. for a gaming/NFT L2, V3 concentrated liquidity gives market makers tighter pricing on your key pairs as volume ramps. V3's concentrated liquidity brings in active managers and yield optimizers that V2 alone won't. We've deployed V3 on 12+ chains and can layer it on your existing V2 (same UI, ~2–4 weeks). Open to a quick chat?","Hey [Name], no rush — whenever you want to give Prom's LPs a V3 option on top of savmSwap, it's a clean add-on for us. Happy to share how it went on other chains."
HashKey Chain,CASE_2,"hey [Name], Vic from Protofire DAO — we build core infra for EVM chains. had a look at HashKey Chain's stack — you've got Safe covered, but no canonical Uniswap DEX yet. your current venues are DODO/orderbook-style, so there's no canonical constant-product AMM for long-tail pairs — and for an institution-grade L2 a DAO-recognized Uniswap is the liquidity layer partners expect. without one, your swap volume is leaking to other chains and your LPs don't have a proper interface to manage positions. we deploy Uniswap v2+v3 end-to-end — contracts, routing API, graph node, frontend, and the canonical DAO governance proposal that gets your DEX officially recognized. done this for BOB, MODE, Abstract, Zora and others. whitelabel on your domain or shared UI — 2–4 weeks either way. open to a quick sync?","hey [Name], following up on the Uniswap idea for HashKey Chain — end-to-end deploy on our side, and it plugs the swap-volume leak. worth a quick call?",Hi [Name] — Vic at Protofire DAO. HashKey Chain has Safe covered but no canonical Uniswap DEX yet; that's usually where swap volume leaks. Worth a chat?,"Thanks for connecting, [Name]. Had a look at HashKey Chain — you've got Safe covered, but no canonical Uniswap DEX yet. your current venues are DODO/orderbook-style, so there's no canonical constant-product AMM for long-tail pairs — and for an institution-grade L2 a DAO-recognized Uniswap is the liquidity layer partners expect. We deploy Uniswap v2+v3 end-to-end — contracts, routing API, graph node, frontend, plus the canonical DAO proposal that gets it officially recognized. Done this for BOB, MODE, Abstract, Zora. Whitelabel or shared UI, ~2–4 weeks. Open to a quick sync?","Hey [Name], no rush — the Uniswap deploy is end-to-end on our side and tends to stop the swap-volume leak to other chains. Here whenever you want to scope it."
MTT Network,CASE_6,"hey [Name], Vic from Protofire DAO — we deploy core DeFi infra for EVM chains. had a look at MTT Network and saw Yaakoswap is your DEX but its stack isn't documented and on-chain activity looks dormant. curious what it's built on under the hood? depending on the stack there might be a straightforward path to canonical Uniswap DAO recognition, which gets you prioritized by aggregators like 1inch and adds the official DAO badge. if the chain is being revived, a canonical Uniswap + Safe would be the base layer to rebuild DeFi credibility on. we've done this for BOB, Abstract, Nibiru and others. if it's already a Uniswap fork we can potentially work with what you have. worth a quick chat?","hey [Name], following up — even a quick note on what Yaakoswap runs on would help me tell you if there's a clean path to canonical recognition for MTT Network. no pressure.",Hi [Name] — Vic at Protofire DAO. Curious what MTT Network's DEX runs on under the hood — there may be a clean path to canonical Uniswap DAO recognition. Worth a chat?,"Thanks for connecting, [Name]. Saw Yaakoswap is your DEX but its stack isn't documented and on-chain activity looks dormant on MTT Network. if the chain is being revived, a canonical Uniswap + Safe would be the base layer to rebuild DeFi credibility on. Curious what it's built on — depending on the stack there may be a straightforward path to canonical Uniswap DAO recognition (aggregator prioritization + official badge). We've done this for BOB, Abstract, Nibiru. If it's already a Uniswap fork we can work with what you have. Worth a quick chat?","Hey [Name], no rush — if you can point me to Yaakoswap's docs or repo I can tell you quickly whether canonical recognition is on the table for MTT Network. Happy either way."
WINR,CASE_4,"hey [Name], Vic from Protofire DAO. been following WINR and had a look at the stack. you've already got a Uniswap-v3-derived DEX (Camelot on Algebra), but there's no Safe multisig on WINR. at this stage the highest-leverage move is probably a proper Safe deployment — it's what signals to protocols, DAOs and bridges that a chain is serious, and it unlocks the kind of TVL that makes a DEX worth running. for a gaming chain custodying player and treasury funds, a proper Safe multisig is the piece bridges and partners check for before committing. we've deployed Safe for 130+ networks including Gnosis and others — fast to ship, low friction. open to a quick chat?","hey [Name], following up on the Safe idea for WINR — genuinely low-lift on our end, and it's the piece bridges/protocols look for first. worth a quick call?","Hi [Name] — Vic at Protofire DAO. For WINR, a proper Safe multisig is probably the highest-leverage next step to signal you're serious. Open to a chat?","Thanks for connecting, [Name]. Had a look at WINR — you've already got a Uniswap-v3-derived DEX (Camelot on Algebra), but there's no Safe multisig on WINR. At this stage a proper Safe is the move: it's what protocols, DAOs and bridges look for, and it unlocks the TVL that makes a DEX worth running. for a gaming chain custodying player and treasury funds, a proper Safe multisig is the piece bridges and partners check for before committing. We've deployed Safe for 130+ networks — fast, low friction. Open to a quick chat?","Hey [Name], no pressure — the Safe deploy is quick and low-cost, and it's usually the unlock for the next stage of an ecosystem. Here whenever you want to scope it."
Hydra Chain,CASE_6,"hey [Name], Vic from Protofire DAO — we deploy core DeFi infra for EVM chains. had a look at Hydra Chain and saw HydraDEX already runs Uniswap-V2+V3-style pools and Safe is live. curious what it's built on under the hood? depending on the stack there might be a straightforward path to canonical Uniswap DAO recognition, which gets you prioritized by aggregators like 1inch and adds the official DAO badge. since you already run V2+V3 pools, the value is canonical DAO recognition — getting your DEX officially recognized so aggregators prioritize it. we've done this for BOB, Abstract, Nibiru and others. if it's already a Uniswap fork we can potentially work with what you have. worth a quick chat?","hey [Name], following up — even a quick note on what HydraDEX runs on would help me tell you if there's a clean path to canonical recognition for Hydra Chain. no pressure.",Hi [Name] — Vic at Protofire DAO. Curious what Hydra Chain's DEX runs on under the hood — there may be a clean path to canonical Uniswap DAO recognition. Worth a chat?,"Thanks for connecting, [Name]. Saw HydraDEX already runs Uniswap-V2+V3-style pools and Safe is live on Hydra Chain. since you already run V2+V3 pools, the value is canonical DAO recognition — getting your DEX officially recognized so aggregators prioritize it. Curious what it's built on — depending on the stack there may be a straightforward path to canonical Uniswap DAO recognition (aggregator prioritization + official badge). We've done this for BOB, Abstract, Nibiru. If it's already a Uniswap fork we can work with what you have. Worth a quick chat?","Hey [Name], no rush — if you can point me to HydraDEX's docs or repo I can tell you quickly whether canonical recognition is on the table for Hydra Chain. Happy either way."
Form Network,CASE_6,"hey [Name], Vic from Protofire DAO — we deploy core DeFi infra for EVM chains. had a look at Form Network and saw Fibonacci is your DEX but its underlying stack isn't documented. curious what it's built on under the hood? depending on the stack there might be a straightforward path to canonical Uniswap DAO recognition, which gets you prioritized by aggregators like 1inch and adds the official DAO badge. for a SocialFi L2, a canonical DAO-recognized Uniswap gives your social-token markets an aggregator-visible venue. we've done this for BOB, Abstract, Nibiru and others. if it's already a Uniswap fork we can potentially work with what you have. worth a quick chat?","hey [Name], following up — even a quick note on what Fibonacci Dex runs on would help me tell you if there's a clean path to canonical recognition for Form Network. no pressure.",Hi [Name] — Vic at Protofire DAO. Curious what Form Network's DEX runs on under the hood — there may be a clean path to canonical Uniswap DAO recognition. Worth a chat?,"Thanks for connecting, [Name]. Saw Fibonacci is your DEX but its underlying stack isn't documented on Form Network. for a SocialFi L2, a canonical DAO-recognized Uniswap gives your social-token markets an aggregator-visible venue. Curious what it's built on — depending on the stack there may be a straightforward path to canonical Uniswap DAO recognition (aggregator prioritization + official badge). We've done this for BOB, Abstract, Nibiru. If it's already a Uniswap fork we can work with what you have. Worth a quick chat?","Hey [Name], no rush — if you can point me to Fibonacci Dex's docs or repo I can tell you quickly whether canonical recognition is on the table for Form Network. Happy either way."
Story,CASE_6,"hey [Name], Vic from Protofire DAO — we deploy core DeFi infra for EVM chains. had a look at Story and saw PiperX (V2+V3) and Story Hunt (V3) already run Uniswap-derived DEXes and Safe is live. curious what it's built on under the hood? depending on the stack there might be a straightforward path to canonical Uniswap DAO recognition, which gets you prioritized by aggregators like 1inch and adds the official DAO badge. with real IP-token liquidity building, canonical DAO recognition would make your V3 the venue aggregators route IPFi flow through. we've done this for BOB, Abstract, Nibiru and others. if it's already a Uniswap fork we can potentially work with what you have. worth a quick chat?","hey [Name], following up — even a quick note on what PiperX / Story Hunt runs on would help me tell you if there's a clean path to canonical recognition for Story. no pressure.",Hi [Name] — Vic at Protofire DAO. Curious what Story's DEX runs on under the hood — there may be a clean path to canonical Uniswap DAO recognition. Worth a chat?,"Thanks for connecting, [Name]. Saw PiperX (V2+V3) and Story Hunt (V3) already run Uniswap-derived DEXes and Safe is live on Story. with real IP-token liquidity building, canonical DAO recognition would make your V3 the venue aggregators route IPFi flow through. Curious what it's built on — depending on the stack there may be a straightforward path to canonical Uniswap DAO recognition (aggregator prioritization + official badge). We've done this for BOB, Abstract, Nibiru. If it's already a Uniswap fork we can work with what you have. Worth a quick chat?","Hey [Name], no rush — if you can point me to PiperX / Story Hunt's docs or repo I can tell you quickly whether canonical recognition is on the table for Story. Happy either way."
Stratis,CASE_6,"hey [Name], Vic from Protofire DAO — we deploy core DeFi infra for EVM chains. had a look at Stratis and saw StraxSwap is your native DEX but its underlying stack isn't documented. curious what it's built on under the hood? depending on the stack there might be a straightforward path to canonical Uniswap DAO recognition, which gets you prioritized by aggregators like 1inch and adds the official DAO badge. as the EVM chain settles post-rebrand, a canonical DAO-recognized Uniswap would give it a credible, aggregator-visible liquidity layer. we've done this for BOB, Abstract, Nibiru and others. if it's already a Uniswap fork we can potentially work with what you have. worth a quick chat?","hey [Name], following up — even a quick note on what StraxSwap runs on would help me tell you if there's a clean path to canonical recognition for Stratis. no pressure.",Hi [Name] — Vic at Protofire DAO. Curious what Stratis's DEX runs on under the hood — there may be a clean path to canonical Uniswap DAO recognition. Worth a chat?,"Thanks for connecting, [Name]. Saw StraxSwap is your native DEX but its underlying stack isn't documented on Stratis. as the EVM chain settles post-rebrand, a canonical DAO-recognized Uniswap would give it a credible, aggregator-visible liquidity layer. Curious what it's built on — depending on the stack there may be a straightforward path to canonical Uniswap DAO recognition (aggregator prioritization + official badge). We've done this for BOB, Abstract, Nibiru. If it's already a Uniswap fork we can work with what you have. Worth a quick chat?","Hey [Name], no rush — if you can point me to StraxSwap's docs or repo I can tell you quickly whether canonical recognition is on the table for Stratis. Happy either way."
Silicon zkEVM,CASE_6,"hey [Name], Vic from Protofire DAO — we deploy core DeFi infra for EVM chains. had a look at Silicon zkEVM and saw Fizzswap already runs V2/V3-style pools but its fork lineage isn't documented. curious what it's built on under the hood? depending on the stack there might be a straightforward path to canonical Uniswap DAO recognition, which gets you prioritized by aggregators like 1inch and adds the official DAO badge. if Fizzswap is Uniswap-based there's likely a clean path to canonical recognition; if not, a canonical Uniswap + Safe would anchor DeFi on a young zkEVM. we've done this for BOB, Abstract, Nibiru and others. if it's already a Uniswap fork we can potentially work with what you have. worth a quick chat?","hey [Name], following up — even a quick note on what Fizzswap runs on would help me tell you if there's a clean path to canonical recognition for Silicon zkEVM. no pressure.",Hi [Name] — Vic at Protofire DAO. Curious what Silicon zkEVM's DEX runs on under the hood — there may be a clean path to canonical Uniswap DAO recognition. Worth a chat?,"Thanks for connecting, [Name]. Saw Fizzswap already runs V2/V3-style pools but its fork lineage isn't documented on Silicon zkEVM. if Fizzswap is Uniswap-based there's likely a clean path to canonical recognition; if not, a canonical Uniswap + Safe would anchor DeFi on a young zkEVM. Curious what it's built on — depending on the stack there may be a straightforward path to canonical Uniswap DAO recognition (aggregator prioritization + official badge). We've done this for BOB, Abstract, Nibiru. If it's already a Uniswap fork we can work with what you have. Worth a quick chat?","Hey [Name], no rush — if you can point me to Fizzswap's docs or repo I can tell you quickly whether canonical recognition is on the table for Silicon zkEVM. Happy either way."
Parex,CASE_6,"hey [Name], Vic from Protofire DAO — we deploy core DeFi infra for EVM chains. had a look at Parex and saw RaccoonSwap is your native AMM but its underlying stack isn't documented. curious what it's built on under the hood? depending on the stack there might be a straightforward path to canonical Uniswap DAO recognition, which gets you prioritized by aggregators like 1inch and adds the official DAO badge. if you want PRX markets visible to aggregators, a canonical DAO-recognized Uniswap (plus a Safe) is the credible base. we've done this for BOB, Abstract, Nibiru and others. if it's already a Uniswap fork we can potentially work with what you have. worth a quick chat?","hey [Name], following up — even a quick note on what RaccoonSwap runs on would help me tell you if there's a clean path to canonical recognition for Parex. no pressure.",Hi [Name] — Vic at Protofire DAO. Curious what Parex's DEX runs on under the hood — there may be a clean path to canonical Uniswap DAO recognition. Worth a chat?,"Thanks for connecting, [Name]. Saw RaccoonSwap is your native AMM but its underlying stack isn't documented on Parex. if you want PRX markets visible to aggregators, a canonical DAO-recognized Uniswap (plus a Safe) is the credible base. Curious what it's built on — depending on the stack there may be a straightforward path to canonical Uniswap DAO recognition (aggregator prioritization + official badge). We've done this for BOB, Abstract, Nibiru. If it's already a Uniswap fork we can work with what you have. Worth a quick chat?","Hey [Name], no rush — if you can point me to RaccoonSwap's docs or repo I can tell you quickly whether canonical recognition is on the table for Parex. Happy either way."
Zero Network,CASE_6,"hey [Name], Vic from Protofire DAO — we deploy core DeFi infra for EVM chains. had a look at Zero Network and saw SakuraSwap — which we built with your team — already runs Uniswap V2+V3, and Safe is live. curious what it's built on under the hood? depending on the stack there might be a straightforward path to canonical Uniswap DAO recognition, which gets you prioritized by aggregators like 1inch and adds the official DAO badge. since we built SakuraSwap on Uniswap v3 with you, the natural next step is canonical DAO recognition so aggregators prioritize it. we've done this for BOB, Abstract, Nibiru and others. if it's already a Uniswap fork we can potentially work with what you have. worth a quick chat?","hey [Name], following up — even a quick note on what SakuraSwap runs on would help me tell you if there's a clean path to canonical recognition for Zero Network. no pressure.",Hi [Name] — Vic at Protofire DAO. Curious what Zero Network's DEX runs on under the hood — there may be a clean path to canonical Uniswap DAO recognition. Worth a chat?,"Thanks for connecting, [Name]. Saw SakuraSwap — which we built with your team — already runs Uniswap V2+V3, and Safe is live on Zero Network. since we built SakuraSwap on Uniswap v3 with you, the natural next step is canonical DAO recognition so aggregators prioritize it. Curious what it's built on — depending on the stack there may be a straightforward path to canonical Uniswap DAO recognition (aggregator prioritization + official badge). We've done this for BOB, Abstract, Nibiru. If it's already a Uniswap fork we can work with what you have. Worth a quick chat?","Hey [Name], no rush — if you can point me to SakuraSwap's docs or repo I can tell you quickly whether canonical recognition is on the table for Zero Network. Happy either way."
Superposition,CASE_6,"hey [Name], Vic from Protofire DAO — we deploy core DeFi infra for EVM chains. had a look at Superposition and saw Camelot (V2 + Algebra V3) and a native Stylus AMM already run here, and Safe is live. curious what it's built on under the hood? depending on the stack there might be a straightforward path to canonical Uniswap DAO recognition, which gets you prioritized by aggregators like 1inch and adds the official DAO badge. your native stack is Stylus/Algebra — a canonical DAO-recognized Uniswap would be a net-new, aggregator-prioritized venue rather than a duplicate. we've done this for BOB, Abstract, Nibiru and others. if it's already a Uniswap fork we can potentially work with what you have. worth a quick chat?","hey [Name], following up — even a quick note on what Camelot / Longtail runs on would help me tell you if there's a clean path to canonical recognition for Superposition. no pressure.",Hi [Name] — Vic at Protofire DAO. Curious what Superposition's DEX runs on under the hood — there may be a clean path to canonical Uniswap DAO recognition. Worth a chat?,"Thanks for connecting, [Name]. Saw Camelot (V2 + Algebra V3) and a native Stylus AMM already run here, and Safe is live on Superposition. your native stack is Stylus/Algebra — a canonical DAO-recognized Uniswap would be a net-new, aggregator-prioritized venue rather than a duplicate. Curious what it's built on — depending on the stack there may be a straightforward path to canonical Uniswap DAO recognition (aggregator prioritization + official badge). We've done this for BOB, Abstract, Nibiru. If it's already a Uniswap fork we can work with what you have. Worth a quick chat?","Hey [Name], no rush — if you can point me to Camelot / Longtail's docs or repo I can tell you quickly whether canonical recognition is on the table for Superposition. Happy either way."
Artela,CASE_5,"hey [Name], Vic from Protofire DAO. looked at Artela's DEX setup — you've got ArtexSwap running on V2 which is solid, but no V3 yet. worth considering: V3's concentrated liquidity attracts a different class of LPs — active managers and yield optimizers. V2 is great for passive liquidity, but V3 is what pulls in sophisticated market makers. your Aspect/EVM++ security angle pairs well with V3 — concentrated liquidity plus your MEV/rug checks is a strong story for serious market makers. we've deployed V3 on 12+ chains and can layer it on top of your existing V2 — same familiar UI, same stack, just more powerful. usually 2–4 weeks. open to a quick chat?","hey [Name], circling back on the V3 idea for Artela — we can layer it on ArtexSwap without disrupting your current V2 pools. want me to send a quick scope?",Hi [Name] — Vic at Protofire DAO. Artela has ArtexSwap on V2 but no V3 yet; V3 is what pulls in active LPs/market makers. We can layer it on. Worth a chat?,"Thanks for connecting, [Name]. Saw Artela runs ArtexSwap on V2 — solid, but no V3. your Aspect/EVM++ security angle pairs well with V3 — concentrated liquidity plus your MEV/rug checks is a strong story for serious market makers. V3's concentrated liquidity brings in active managers and yield optimizers that V2 alone won't. We've deployed V3 on 12+ chains and can layer it on your existing V2 (same UI, ~2–4 weeks). Open to a quick chat?","Hey [Name], no rush — whenever you want to give Artela's LPs a V3 option on top of ArtexSwap, it's a clean add-on for us. Happy to share how it went on other chains."
Waterfall,CASE_2,"hey [Name], Vic from Protofire DAO — we build core infra for EVM chains. had a look at Waterfall's stack — you've got Safe covered, but no canonical Uniswap DEX yet. your Aquadex is Curve-style (built for stable pairs) — a canonical Uniswap v2+v3 would give volatile long-tail pairs the venue they're missing. without one, your swap volume is leaking to other chains and your LPs don't have a proper interface to manage positions. we deploy Uniswap v2+v3 end-to-end — contracts, routing API, graph node, frontend, and the canonical DAO governance proposal that gets your DEX officially recognized. done this for BOB, MODE, Abstract, Zora and others. whitelabel on your domain or shared UI — 2–4 weeks either way. open to a quick sync?","hey [Name], following up on the Uniswap idea for Waterfall — end-to-end deploy on our side, and it plugs the swap-volume leak. worth a quick call?",Hi [Name] — Vic at Protofire DAO. Waterfall has Safe covered but no canonical Uniswap DEX yet; that's usually where swap volume leaks. Worth a chat?,"Thanks for connecting, [Name]. Had a look at Waterfall — you've got Safe covered, but no canonical Uniswap DEX yet. your Aquadex is Curve-style (built for stable pairs) — a canonical Uniswap v2+v3 would give volatile long-tail pairs the venue they're missing. We deploy Uniswap v2+v3 end-to-end — contracts, routing API, graph node, frontend, plus the canonical DAO proposal that gets it officially recognized. Done this for BOB, MODE, Abstract, Zora. Whitelabel or shared UI, ~2–4 weeks. Open to a quick sync?","Hey [Name], no rush — the Uniswap deploy is end-to-end on our side and tends to stop the swap-volume leak to other chains. Here whenever you want to scope it."
CrossFi,CASE_6,"hey [Name], Vic from Protofire DAO — we deploy core DeFi infra for EVM chains. had a look at CrossFi and saw we deployed your Safe already, and xSwap is your in-house AMM whose stack isn't public. curious what it's built on under the hood? depending on the stack there might be a straightforward path to canonical Uniswap DAO recognition, which gets you prioritized by aggregators like 1inch and adds the official DAO badge. since we already run your Safe, the easy next step is confirming what xSwap is built on and, if useful, adding a canonical DAO-recognized Uniswap. we've done this for BOB, Abstract, Nibiru and others. if it's already a Uniswap fork we can potentially work with what you have. worth a quick chat?","hey [Name], following up — even a quick note on what xSwap DEX runs on would help me tell you if there's a clean path to canonical recognition for CrossFi. no pressure.",Hi [Name] — Vic at Protofire DAO. Curious what CrossFi's DEX runs on under the hood — there may be a clean path to canonical Uniswap DAO recognition. Worth a chat?,"Thanks for connecting, [Name]. Saw we deployed your Safe already, and xSwap is your in-house AMM whose stack isn't public on CrossFi. since we already run your Safe, the easy next step is confirming what xSwap is built on and, if useful, adding a canonical DAO-recognized Uniswap. Curious what it's built on — depending on the stack there may be a straightforward path to canonical Uniswap DAO recognition (aggregator prioritization + official badge). We've done this for BOB, Abstract, Nibiru. If it's already a Uniswap fork we can work with what you have. Worth a quick chat?","Hey [Name], no rush — if you can point me to xSwap DEX's docs or repo I can tell you quickly whether canonical recognition is on the table for CrossFi. Happy either way."
Odyssey,CASE_6,"hey [Name], Vic from Protofire DAO — we deploy core DeFi infra for EVM chains. had a look at Odyssey and saw Diamondswap runs a custom Diamond-Standard (EIP-2535) AMM rather than a documented Uniswap fork. curious what it's built on under the hood? depending on the stack there might be a straightforward path to canonical Uniswap DAO recognition, which gets you prioritized by aggregators like 1inch and adds the official DAO badge. if you'd want an aggregator-recognized venue alongside Diamondswap, a canonical Uniswap (plus a Safe for the treasury) is the standard path. we've done this for BOB, Abstract, Nibiru and others. if it's already a Uniswap fork we can potentially work with what you have. worth a quick chat?","hey [Name], following up — even a quick note on what Diamondswap runs on would help me tell you if there's a clean path to canonical recognition for Odyssey. no pressure.",Hi [Name] — Vic at Protofire DAO. Curious what Odyssey's DEX runs on under the hood — there may be a clean path to canonical Uniswap DAO recognition. Worth a chat?,"Thanks for connecting, [Name]. Saw Diamondswap runs a custom Diamond-Standard (EIP-2535) AMM rather than a documented Uniswap fork on Odyssey. if you'd want an aggregator-recognized venue alongside Diamondswap, a canonical Uniswap (plus a Safe for the treasury) is the standard path. Curious what it's built on — depending on the stack there may be a straightforward path to canonical Uniswap DAO recognition (aggregator prioritization + official badge). We've done this for BOB, Abstract, Nibiru. If it's already a Uniswap fork we can work with what you have. Worth a quick chat?","Hey [Name], no rush — if you can point me to Diamondswap's docs or repo I can tell you quickly whether canonical recognition is on the table for Odyssey. Happy either way."
DuckChain,CASE_6,"hey [Name], Vic from Protofire DAO — we deploy core DeFi infra for EVM chains. had a look at DuckChain and saw Camelot already runs V2 + Algebra-V3 here (with a native DuckSwap too). curious what it's built on under the hood? depending on the stack there might be a straightforward path to canonical Uniswap DAO recognition, which gets you prioritized by aggregators like 1inch and adds the official DAO badge. with Camelot's V2+V3 already live, the main value is canonical DAO recognition — otherwise it's redundant. we've done this for BOB, Abstract, Nibiru and others. if it's already a Uniswap fork we can potentially work with what you have. worth a quick chat?","hey [Name], following up — even a quick note on what Camelot / DuckSwap runs on would help me tell you if there's a clean path to canonical recognition for DuckChain. no pressure.",Hi [Name] — Vic at Protofire DAO. Curious what DuckChain's DEX runs on under the hood — there may be a clean path to canonical Uniswap DAO recognition. Worth a chat?,"Thanks for connecting, [Name]. Saw Camelot already runs V2 + Algebra-V3 here (with a native DuckSwap too) on DuckChain. with Camelot's V2+V3 already live, the main value is canonical DAO recognition — otherwise it's redundant. Curious what it's built on — depending on the stack there may be a straightforward path to canonical Uniswap DAO recognition (aggregator prioritization + official badge). We've done this for BOB, Abstract, Nibiru. If it's already a Uniswap fork we can work with what you have. Worth a quick chat?","Hey [Name], no rush — if you can point me to Camelot / DuckSwap's docs or repo I can tell you quickly whether canonical recognition is on the table for DuckChain. Happy either way."
QL1,CASE_5,"hey [Name], Vic from Protofire DAO. looked at QL1's DEX setup — you've got QOMSWAP running on V2 which is solid, but no V3 yet. worth considering: V3's concentrated liquidity attracts a different class of LPs — active managers and yield optimizers. V2 is great for passive liquidity, but V3 is what pulls in sophisticated market makers. layering V3 on top gives your QOM markets tighter pricing and pulls in active LPs that V2 farming alone won't. we've deployed V3 on 12+ chains and can layer it on top of your existing V2 — same familiar UI, same stack, just more powerful. usually 2–4 weeks. open to a quick chat?","hey [Name], circling back on the V3 idea for QL1 — we can layer it on QOMSWAP without disrupting your current V2 pools. want me to send a quick scope?",Hi [Name] — Vic at Protofire DAO. QL1 has QOMSWAP on V2 but no V3 yet; V3 is what pulls in active LPs/market makers. We can layer it on. Worth a chat?,"Thanks for connecting, [Name]. Saw QL1 runs QOMSWAP on V2 — solid, but no V3. layering V3 on top gives your QOM markets tighter pricing and pulls in active LPs that V2 farming alone won't. V3's concentrated liquidity brings in active managers and yield optimizers that V2 alone won't. We've deployed V3 on 12+ chains and can layer it on your existing V2 (same UI, ~2–4 weeks). Open to a quick chat?","Hey [Name], no rush — whenever you want to give QL1's LPs a V3 option on top of QOMSWAP, it's a clean add-on for us. Happy to share how it went on other chains."
VinuChain,CASE_4,"hey [Name], Vic from Protofire DAO. been following VinuChain and had a look at the stack. VinuSwap already gives you a Uniswap-v3 fork, but there's no Safe multisig on VinuChain. at this stage the highest-leverage move is probably a proper Safe deployment — it's what signals to protocols, DAOs and bridges that a chain is serious, and it unlocks the kind of TVL that makes a DEX worth running. a memecoin-origin treasury and its LP pools really shouldn't sit behind an EOA — a proper Safe is table-stakes before bigger market makers commit. we've deployed Safe for 130+ networks including Gnosis and others — fast to ship, low friction. open to a quick chat?","hey [Name], following up on the Safe idea for VinuChain — genuinely low-lift on our end, and it's the piece bridges/protocols look for first. worth a quick call?","Hi [Name] — Vic at Protofire DAO. For VinuChain, a proper Safe multisig is probably the highest-leverage next step to signal you're serious. Open to a chat?","Thanks for connecting, [Name]. Had a look at VinuChain — VinuSwap already gives you a Uniswap-v3 fork, but there's no Safe multisig on VinuChain. At this stage a proper Safe is the move: it's what protocols, DAOs and bridges look for, and it unlocks the TVL that makes a DEX worth running. a memecoin-origin treasury and its LP pools really shouldn't sit behind an EOA — a proper Safe is table-stakes before bigger market makers commit. We've deployed Safe for 130+ networks — fast, low friction. Open to a quick chat?","Hey [Name], no pressure — the Safe deploy is quick and low-cost, and it's usually the unlock for the next stage of an ecosystem. Here whenever you want to scope it."
Shido,CASE_6,"hey [Name], Vic from Protofire DAO — we deploy core DeFi infra for EVM chains. had a look at Shido and saw Shido Dex already runs Uniswap-style V2 and V3 pools. curious what it's built on under the hood? depending on the stack there might be a straightforward path to canonical Uniswap DAO recognition, which gets you prioritized by aggregators like 1inch and adds the official DAO badge. with ~$900K TVL on a native Uniswap-style DEX, canonical DAO recognition is what gets it aggregator-prioritized. we've done this for BOB, Abstract, Nibiru and others. if it's already a Uniswap fork we can potentially work with what you have. worth a quick chat?","hey [Name], following up — even a quick note on what Shido Dex runs on would help me tell you if there's a clean path to canonical recognition for Shido. no pressure.",Hi [Name] — Vic at Protofire DAO. Curious what Shido's DEX runs on under the hood — there may be a clean path to canonical Uniswap DAO recognition. Worth a chat?,"Thanks for connecting, [Name]. Saw Shido Dex already runs Uniswap-style V2 and V3 pools on Shido. with ~$900K TVL on a native Uniswap-style DEX, canonical DAO recognition is what gets it aggregator-prioritized. Curious what it's built on — depending on the stack there may be a straightforward path to canonical Uniswap DAO recognition (aggregator prioritization + official badge). We've done this for BOB, Abstract, Nibiru. If it's already a Uniswap fork we can work with what you have. Worth a quick chat?","Hey [Name], no rush — if you can point me to Shido Dex's docs or repo I can tell you quickly whether canonical recognition is on the table for Shido. Happy either way."
Asset Chain,CASE_4,"hey [Name], Vic from Protofire DAO. been following Asset Chain and had a look at the stack. Asset Chain Swap already gives you a Uniswap-v3 fork, but there's no Safe multisig on Asset Chain. at this stage the highest-leverage move is probably a proper Safe deployment — it's what signals to protocols, DAOs and bridges that a chain is serious, and it unlocks the kind of TVL that makes a DEX worth running. for a chain built around RWAs, a Safe multisig is exactly what institutional asset partners require before custodying value on you. we've deployed Safe for 130+ networks including Gnosis and others — fast to ship, low friction. open to a quick chat?","hey [Name], following up on the Safe idea for Asset Chain — genuinely low-lift on our end, and it's the piece bridges/protocols look for first. worth a quick call?","Hi [Name] — Vic at Protofire DAO. For Asset Chain, a proper Safe multisig is probably the highest-leverage next step to signal you're serious. Open to a chat?","Thanks for connecting, [Name]. Had a look at Asset Chain — Asset Chain Swap already gives you a Uniswap-v3 fork, but there's no Safe multisig on Asset Chain. At this stage a proper Safe is the move: it's what protocols, DAOs and bridges look for, and it unlocks the TVL that makes a DEX worth running. for a chain built around RWAs, a Safe multisig is exactly what institutional asset partners require before custodying value on you. We've deployed Safe for 130+ networks — fast, low friction. Open to a quick chat?","Hey [Name], no pressure — the Safe deploy is quick and low-cost, and it's usually the unlock for the next stage of an ecosystem. Here whenever you want to scope it."
Matchain,CASE_5,"hey [Name], Vic from Protofire DAO. looked at Matchain's DEX setup — you've got MSwap, IncaSwap running on V2 which is solid, but no V3 yet. worth considering: V3's concentrated liquidity attracts a different class of LPs — active managers and yield optimizers. V2 is great for passive liquidity, but V3 is what pulls in sophisticated market makers. as identity/AI activity drives token flow, V3 concentrated liquidity is what lets market makers quote your pairs efficiently. we've deployed V3 on 12+ chains and can layer it on top of your existing V2 — same familiar UI, same stack, just more powerful. usually 2–4 weeks. open to a quick chat?","hey [Name], circling back on the V3 idea for Matchain — we can layer it on MSwap, IncaSwap without disrupting your current V2 pools. want me to send a quick scope?","Hi [Name] — Vic at Protofire DAO. Matchain has MSwap, IncaSwap on V2 but no V3 yet; V3 is what pulls in active LPs/market makers. We can layer it on. Worth a chat?","Thanks for connecting, [Name]. Saw Matchain runs MSwap, IncaSwap on V2 — solid, but no V3. as identity/AI activity drives token flow, V3 concentrated liquidity is what lets market makers quote your pairs efficiently. V3's concentrated liquidity brings in active managers and yield optimizers that V2 alone won't. We've deployed V3 on 12+ chains and can layer it on your existing V2 (same UI, ~2–4 weeks). Open to a quick chat?","Hey [Name], no rush — whenever you want to give Matchain's LPs a V3 option on top of MSwap, IncaSwap, it's a clean add-on for us. Happy to share how it went on other chains."
HeLa,CASE_4,"hey [Name], Vic from Protofire DAO. been following HeLa and had a look at the stack. cytoswap already gives you a Uniswap-v3 fork, but there's no Safe multisig on HeLa. at this stage the highest-leverage move is probably a proper Safe deployment — it's what signals to protocols, DAOs and bridges that a chain is serious, and it unlocks the kind of TVL that makes a DEX worth running. with a fiat-backed stablecoin as gas, a proper Safe is the custody layer institutions and bridges expect before routing value through you. we've deployed Safe for 130+ networks including Gnosis and others — fast to ship, low friction. open to a quick chat?","hey [Name], following up on the Safe idea for HeLa — genuinely low-lift on our end, and it's the piece bridges/protocols look for first. worth a quick call?","Hi [Name] — Vic at Protofire DAO. For HeLa, a proper Safe multisig is probably the highest-leverage next step to signal you're serious. Open to a chat?","Thanks for connecting, [Name]. Had a look at HeLa — cytoswap already gives you a Uniswap-v3 fork, but there's no Safe multisig on HeLa. At this stage a proper Safe is the move: it's what protocols, DAOs and bridges look for, and it unlocks the TVL that makes a DEX worth running. with a fiat-backed stablecoin as gas, a proper Safe is the custody layer institutions and bridges expect before routing value through you. We've deployed Safe for 130+ networks — fast, low friction. Open to a quick chat?","Hey [Name], no pressure — the Safe deploy is quick and low-cost, and it's usually the unlock for the next stage of an ecosystem. Here whenever you want to scope it."
Electroneum,CASE_4,"hey [Name], Vic from Protofire DAO. been following Electroneum and had a look at the stack. ElectroSwap already covers Uniswap V2+V3, but there's no Safe multisig on Electroneum. at this stage the highest-leverage move is probably a proper Safe deployment — it's what signals to protocols, DAOs and bridges that a chain is serious, and it unlocks the kind of TVL that makes a DEX worth running. for a chain focused on financial inclusion, a Safe multisig is what signals to partners and bridges that treasury custody is done properly. we've deployed Safe for 130+ networks including Gnosis and others — fast to ship, low friction. open to a quick chat?","hey [Name], following up on the Safe idea for Electroneum — genuinely low-lift on our end, and it's the piece bridges/protocols look for first. worth a quick call?","Hi [Name] — Vic at Protofire DAO. For Electroneum, a proper Safe multisig is probably the highest-leverage next step to signal you're serious. Open to a chat?","Thanks for connecting, [Name]. Had a look at Electroneum — ElectroSwap already covers Uniswap V2+V3, but there's no Safe multisig on Electroneum. At this stage a proper Safe is the move: it's what protocols, DAOs and bridges look for, and it unlocks the TVL that makes a DEX worth running. for a chain focused on financial inclusion, a Safe multisig is what signals to partners and bridges that treasury custody is done properly. We've deployed Safe for 130+ networks — fast, low friction. Open to a quick chat?","Hey [Name], no pressure — the Safe deploy is quick and low-cost, and it's usually the unlock for the next stage of an ecosystem. Here whenever you want to scope it."
Polynomial,CASE_2,"hey [Name], Vic from Protofire DAO — we build core infra for EVM chains. had a look at Polynomial's stack — you've got Safe covered, but no canonical Uniswap DEX yet. your liquidity today is perps/derivatives — there's no spot AMM, so a canonical Uniswap v2+v3 gives your users and LPs an actual spot-swap venue. without one, your swap volume is leaking to other chains and your LPs don't have a proper interface to manage positions. we deploy Uniswap v2+v3 end-to-end — contracts, routing API, graph node, frontend, and the canonical DAO governance proposal that gets your DEX officially recognized. done this for BOB, MODE, Abstract, Zora and others. whitelabel on your domain or shared UI — 2–4 weeks either way. open to a quick sync?","hey [Name], following up on the Uniswap idea for Polynomial — end-to-end deploy on our side, and it plugs the swap-volume leak. worth a quick call?",Hi [Name] — Vic at Protofire DAO. Polynomial has Safe covered but no canonical Uniswap DEX yet; that's usually where swap volume leaks. Worth a chat?,"Thanks for connecting, [Name]. Had a look at Polynomial — you've got Safe covered, but no canonical Uniswap DEX yet. your liquidity today is perps/derivatives — there's no spot AMM, so a canonical Uniswap v2+v3 gives your users and LPs an actual spot-swap venue. We deploy Uniswap v2+v3 end-to-end — contracts, routing API, graph node, frontend, plus the canonical DAO proposal that gets it officially recognized. Done this for BOB, MODE, Abstract, Zora. Whitelabel or shared UI, ~2–4 weeks. Open to a quick sync?","Hey [Name], no rush — the Uniswap deploy is end-to-end on our side and tends to stop the swap-volume leak to other chains. Here whenever you want to scope it."
Dymension,CASE_4,"hey [Name], Vic from Protofire DAO. been following Dymension and had a look at the stack. your Hub AMM is a Cosmos-style module, not an EVM Uniswap, but there's no Safe multisig on Dymension. at this stage the highest-leverage move is probably a proper Safe deployment — it's what signals to protocols, DAOs and bridges that a chain is serious, and it unlocks the kind of TVL that makes a DEX worth running. the honest first question is which EVM RollApp we'd target — at that layer a Safe and canonical Uniswap make sense, but the Hub itself is Cosmos-SDK. we've deployed Safe for 130+ networks including Gnosis and others — fast to ship, low friction. open to a quick chat?","hey [Name], following up on the Safe idea for Dymension — genuinely low-lift on our end, and it's the piece bridges/protocols look for first. worth a quick call?","Hi [Name] — Vic at Protofire DAO. For Dymension, a proper Safe multisig is probably the highest-leverage next step to signal you're serious. Open to a chat?","Thanks for connecting, [Name]. Had a look at Dymension — your Hub AMM is a Cosmos-style module, not an EVM Uniswap, but there's no Safe multisig on Dymension. At this stage a proper Safe is the move: it's what protocols, DAOs and bridges look for, and it unlocks the TVL that makes a DEX worth running. the honest first question is which EVM RollApp we'd target — at that layer a Safe and canonical Uniswap make sense, but the Hub itself is Cosmos-SDK. We've deployed Safe for 130+ networks — fast, low friction. Open to a quick chat?","Hey [Name], no pressure — the Safe deploy is quick and low-cost, and it's usually the unlock for the next stage of an ecosystem. Here whenever you want to scope it."
Neo X Mainnet,CASE_5,"hey [Name], Vic from Protofire DAO. looked at Neo X Mainnet's DEX setup — you've got Carrot Swap, Asteroneo running on V2 which is solid, but no V3 yet. worth considering: V3's concentrated liquidity attracts a different class of LPs — active managers and yield optimizers. V2 is great for passive liquidity, but V3 is what pulls in sophisticated market makers. both your DEXes are V2 today — layering V3 on top is what pulls in the active LPs and market makers a maturing Neo DeFi scene needs. we've deployed V3 on 12+ chains and can layer it on top of your existing V2 — same familiar UI, same stack, just more powerful. usually 2–4 weeks. open to a quick chat?","hey [Name], circling back on the V3 idea for Neo X Mainnet — we can layer it on Carrot Swap, Asteroneo without disrupting your current V2 pools. want me to send a quick scope?","Hi [Name] — Vic at Protofire DAO. Neo X Mainnet has Carrot Swap, Asteroneo on V2 but no V3 yet; V3 is what pulls in active LPs/market makers. We can layer it on. Worth a chat?","Thanks for connecting, [Name]. Saw Neo X Mainnet runs Carrot Swap, Asteroneo on V2 — solid, but no V3. both your DEXes are V2 today — layering V3 on top is what pulls in the active LPs and market makers a maturing Neo DeFi scene needs. V3's concentrated liquidity brings in active managers and yield optimizers that V2 alone won't. We've deployed V3 on 12+ chains and can layer it on your existing V2 (same UI, ~2–4 weeks). Open to a quick chat?","Hey [Name], no rush — whenever you want to give Neo X Mainnet's LPs a V3 option on top of Carrot Swap, Asteroneo, it's a clean add-on for us. Happy to share how it went on other chains."
LaChain Network,CASE_6,"hey [Name], Vic from Protofire DAO — we deploy core DeFi infra for EVM chains. had a look at LaChain Network and saw MateSwap is your DEX but its underlying stack couldn't be verified. curious what it's built on under the hood? depending on the stack there might be a straightforward path to canonical Uniswap DAO recognition, which gets you prioritized by aggregators like 1inch and adds the official DAO badge. for a LatAm-focused chain, a canonical DAO-recognized Uniswap would give regional builders an aggregator-visible, audited liquidity layer. we've done this for BOB, Abstract, Nibiru and others. if it's already a Uniswap fork we can potentially work with what you have. worth a quick chat?","hey [Name], following up — even a quick note on what MateSwap runs on would help me tell you if there's a clean path to canonical recognition for LaChain Network. no pressure.",Hi [Name] — Vic at Protofire DAO. Curious what LaChain Network's DEX runs on under the hood — there may be a clean path to canonical Uniswap DAO recognition. Worth a chat?,"Thanks for connecting, [Name]. Saw MateSwap is your DEX but its underlying stack couldn't be verified on LaChain Network. for a LatAm-focused chain, a canonical DAO-recognized Uniswap would give regional builders an aggregator-visible, audited liquidity layer. Curious what it's built on — depending on the stack there may be a straightforward path to canonical Uniswap DAO recognition (aggregator prioritization + official badge). We've done this for BOB, Abstract, Nibiru. If it's already a Uniswap fork we can work with what you have. Worth a quick chat?","Hey [Name], no rush — if you can point me to MateSwap's docs or repo I can tell you quickly whether canonical recognition is on the table for LaChain Network. Happy either way."
Saakuru,CASE_5,"hey [Name], Vic from Protofire DAO. looked at Saakuru's DEX setup — you've got Taffy Finance running on V2 which is solid, but no V3 yet. worth considering: V3's concentrated liquidity attracts a different class of LPs — active managers and yield optimizers. V2 is great for passive liquidity, but V3 is what pulls in sophisticated market makers. since we already deployed your Safe, layering V3 onto Taffy is a natural next step — concentrated liquidity gives your GameFi pairs tighter pricing. we've deployed V3 on 12+ chains and can layer it on top of your existing V2 — same familiar UI, same stack, just more powerful. usually 2–4 weeks. open to a quick chat?","hey [Name], circling back on the V3 idea for Saakuru — we can layer it on Taffy Finance without disrupting your current V2 pools. want me to send a quick scope?",Hi [Name] — Vic at Protofire DAO. Saakuru has Taffy Finance on V2 but no V3 yet; V3 is what pulls in active LPs/market makers. We can layer it on. Worth a chat?,"Thanks for connecting, [Name]. Saw Saakuru runs Taffy Finance on V2 — solid, but no V3. since we already deployed your Safe, layering V3 onto Taffy is a natural next step — concentrated liquidity gives your GameFi pairs tighter pricing. V3's concentrated liquidity brings in active managers and yield optimizers that V2 alone won't. We've deployed V3 on 12+ chains and can layer it on your existing V2 (same UI, ~2–4 weeks). Open to a quick chat?","Hey [Name], no rush — whenever you want to give Saakuru's LPs a V3 option on top of Taffy Finance, it's a clean add-on for us. Happy to share how it went on other chains."
Mint,CASE_6,"hey [Name], Vic from Protofire DAO — we deploy core DeFi infra for EVM chains. had a look at Mint and saw we deployed your Safe already, and MintSwap runs a canonical Uniswap V3 fork. curious what it's built on under the hood? depending on the stack there might be a straightforward path to canonical Uniswap DAO recognition, which gets you prioritized by aggregators like 1inch and adds the official DAO badge. since we already run your Safe and MintSwap is a clean Uniswap v3 fork, the natural next step is canonical DAO recognition so aggregators prioritize your NFTFi liquidity. we've done this for BOB, Abstract, Nibiru and others. if it's already a Uniswap fork we can potentially work with what you have. worth a quick chat?","hey [Name], following up — even a quick note on what MintSwap Finance runs on would help me tell you if there's a clean path to canonical recognition for Mint. no pressure.",Hi [Name] — Vic at Protofire DAO. Curious what Mint's DEX runs on under the hood — there may be a clean path to canonical Uniswap DAO recognition. Worth a chat?,"Thanks for connecting, [Name]. Saw we deployed your Safe already, and MintSwap runs a canonical Uniswap V3 fork on Mint. since we already run your Safe and MintSwap is a clean Uniswap v3 fork, the natural next step is canonical DAO recognition so aggregators prioritize your NFTFi liquidity. Curious what it's built on — depending on the stack there may be a straightforward path to canonical Uniswap DAO recognition (aggregator prioritization + official badge). We've done this for BOB, Abstract, Nibiru. If it's already a Uniswap fork we can work with what you have. Worth a quick chat?","Hey [Name], no rush — if you can point me to MintSwap Finance's docs or repo I can tell you quickly whether canonical recognition is on the table for Mint. Happy either way."
