"DIA leads, desk-research pass 2026-09-17. Mirrors the Caldera columns. IMPORTANT: on-chain fields (Safe state / Safes created / on-chain Chain-age vitals) are PENDING — this session's egress policy returned 403 (CONNECT rejected) for chainlist.org, public EVM RPCs and Blockscout explorers, so eth_getCode / eth_getLogs could not be run. Everything here is web/desk-sourced. Verdict basis: Safe (Gnosis Safe) is EVM-only, so non-EVM and pre-mainnet chains cannot host a Safe -> DISCARDED. Green Good, amber Limbo, red Discarded.",,,,,,,,,,
Chain,Chain ID,Website,RPC,Status,Reason for status,Safe state on chain,Safes created,Chain age,Contacts,Source detail
Arch Network,N/A (not EVM),https://arch.network,N/A (not EVM),DISCARDED,"Not an EVM chain: Bitcoin-native execution layer (Rust ArchVM / zkVM over the Bitcoin UTXO set + Taproot, 'bridgeless'). Safe is EVM-only, so it cannot deploy here. Also pre-mainnet: mainnet/TGE was targeted for Summer 2025 but no confirmed live mainnet or listing was found as of research. No lead.",Not applicable (non-EVM). eth_getCode cannot be run against a non-EVM chain.,Not applicable (non-EVM).,Pre-mainnet / no public EVM mainnet. Ran incentivized testnet ('Archstronaut').,"Matt Mudano - CEO & Co-Founder - X: @proofofmud (UNVERIFIED this session, x.com egress-blocked). Backers: Multicoin Capital ($7M 2024), Pantera Capital ($13M Series A Apr 2025). No other named human confirmed.",DIA list. EVM check: NON-EVM per project docs (Bitcoin-native ArchVM). NOT on chainlist.
Midnight Network,N/A (not EVM),https://midnight.network,"Substrate / Polkadot-SDK RPC (partnerchain), NOT eth_ JSON-RPC",DISCARDED,"Not an EVM chain: privacy sidechain in the Cardano ecosystem (built by IOG). Uses Substrate/partnerchain RPC and contracts written in TypeScript ('Compact'), not the EVM. Safe is EVM-only -> cannot deploy. Federated mainnet is live (~2026-03-31) but that does not change the EVM verdict.",Not applicable (non-EVM).,Not applicable (non-EVM).,Federated mainnet ~2026-03-31 (validators incl. IOG); NIGHT token live Dec 2025; Glacier Drop airdrop mid-2025. (desk),"Built by Input Output Global (IOG). Charles Hoskinson - Founder, IOG - X: @IOHK_Charles (UNVERIFIED). No individual Midnight lead named publicly.",DIA list. EVM check: NON-EVM (Substrate). NOT on chainlist.
Cardano,N/A on L1 (not EVM). EVM only via 3rd-party sidechain Milkomeda C1 = 2001,https://cardano.org,L1: N/A (non-EVM). Milkomeda C1 sidechain: https://rpc-mainnet-cardano-evm.c1.milkomeda.com,DISCARDED,"Cardano L1 is non-EVM (eUTXO / Plutus-Haskell) -> Safe cannot deploy on it. The only EVM surface is the THIRD-PARTY Milkomeda C1 sidechain (chain 2001), a separate entity (not Cardano itself) and reportedly low-activity. No direct lead into Cardano for a Safe UI.",L1: not applicable (non-EVM). Milkomeda C1: pending RPC access if ever pursued (egress 403).,Not applicable on L1.,"L1 live since 2017 (PoS Ouroboros, eUTXO). (desk)","Charles Hoskinson & Jeremy Wood - co-founders (founded 2015); dev by IOG, stewarded by Cardano Foundation. X: @IOHK_Charles (UNVERIFIED).",DIA list. EVM check: NON-EVM L1. Milkomeda C1 (chain 2001) is on chainlist but is a separate sidechain.
Teqoin,"420377 (reported, UNVERIFIED - likely testnet)",https://teqoin.io,"https://rpc.teqoin.io (reported, UNVERIFIED)",DISCARDED,"EVM (self-described zero-fee optimistic-rollup L2, Solidity-compatible) BUT appears pre-mainnet / testnet only: the only explorer found is https://testnet-blockscan.teqoin.io and the TEQOIN token exists only as an ERC-20 on Ethereum (0x953c...3198), not trading on major venues. No confirmed production mainnet -> nothing to qualify yet. Revisit if/when mainnet goes live.",Pending RPC access (egress 403) AND only meaningful once a real mainnet exists.,Pending RPC access.,Testnet only; testnet explorer testnet-blockscan.teqoin.io. No mainnet vitals. (desk),"No founder / team publicly identified (searches collide with unrelated 'Tekion'/'Teq Inc.'). Next: teqoin.io/docs, whitepaper, their X/Discord.","DIA list. EVM check: EVM (claimed). Chain ID 420377 & RPC from secondary sources, UNVERIFIED. Not confirmed on chainlist."
Logos Network,N/A (not EVM),https://logos.co,"N/A (no mainnet; custom LEE runtime, not EVM)",DISCARDED,"Not an EVM chain: privacy-by-default L1 on Nomos with its OWN Logos Execution Environment (LEE/LEZ), NOT the EVM. Also pre-mainnet: testnet v0.2 ~Jun 2026, public testnet 2026, mainnet targeted 2027. Safe cannot deploy. NOTE: the sibling 'Status Network' IS EVM - that is a DIFFERENT chain and is not this row.",Not applicable (non-EVM / pre-mainnet).,Not applicable.,Pre-mainnet; testnet v0.2 ~2026-06-30 (v0.2.1 ~2026-08-05). (desk),Jarrad Hope - Co-Founder of Logos (also Status co-founder) - X: @jarradhope (UNVERIFIED). Built under the Institute of Free Technology (IFT).,DIA list. EVM check: NON-EVM (custom LEE). NOT on chainlist.
X1 Ecochain,Not found for mainnet (UNVERIFIED),https://x1ecochain.com,Not found (mainnet not live; 'Maculatus' testnet only),DISCARDED,"EVM-compatible (claimed, ~2,000 TPS, deploy standard Solidity) BUT pre-mainnet: only the 'Maculatus' testnet is running; TGE+mainnet targeted Q3 2026, no confirmed live mainnet, chain ID or RPC. Nothing to qualify yet. DISAMBIGUATION: do NOT confuse with the unrelated XEN-linked 'X1 Network' (chainlist chain 204005, explorer.x1.xyz) - that is a different project. Revisit at mainnet.",Pending RPC access AND no mainnet to check yet.,Pending.,Pre-mainnet / testnet ('Maculatus') as of Sep 2026. (desk),"Leadership NOT disclosed publicly (only a 'foundation' referenced). X: @X1_EcoChain. DePIN/eco L1, PoA on low-power 'X1Nodes'.","DIA list. EVM check: EVM-compatible (claimed), pre-mainnet. NOT on chainlist for the EcoChain mainnet (only the unrelated 204005 is)."
MOVA Chain,"61900 (Mova Mainnet, MODERATE confidence, UNVERIFIED via RPC). Mova Beta = 10323",https://www.movachain.com,Not confirmed (dRPC lists a 'mova-mainnet-v2' endpoint but the page was egress-blocked). Explorer: https://scan.movachain.com (Blockscout),LIMBO,"THE ONE FRESH EVM CANDIDATE IN THIS BATCH. Live EVM chain (Blockscout explorer, appears on chainlist): mainnet activated 2025-08-29 (Bitcoin Asia HK), MOVA token Nov 2025, CEX listings (KuCoin/BingX/MEXC/LBank) Feb 2026. No Safe UI found in desk search -> potential GOOD. BLOCKED FROM CONFIRMING because the on-chain Safe check (eth_getCode on Safe singletons/factories + ProxyCreation eth_getLogs scan) could not run: RPC and explorer returned egress 403. UNBLOCKED BY: RPC access (allowlist scan.movachain.com + a Mova RPC), then a qualification pass.","PENDING RPC ACCESS (egress 403). Need eth_getCode on Safe 1.3.0 canonical/eip155, 1.4.1, SafeL2 1.4.1, 1.5.0 singletons + proxy factories + singleton factory.",PENDING RPC ACCESS (ProxyCreation eth_getLogs scan for distinct Safes / EOAs / date range).,Mainnet activation 2025-08-29; MOVA token Nov 2025. Block height / lifetime tx / address count PENDING explorer access. (desk),CEO Wael Muhaisen; CSO 'Jerry' (partial). X/LinkedIn handles UNVERIFIED (egress-blocked). CAUTION: an unrelated 'MOVA' supply-chain company exists (Friedland / McDonald) - do NOT conflate with this payments/RWA chain.,DIA list. EVM check: EVM (Blockscout). chainlist: Mova Mainnet 61900 & Beta 10323 appear in search results (UNVERIFIED live). Modular L1 for payments/RWA settlement.
Coti,"2632500 (COTI V2 mainnet, HIGH confidence). Testnet = 7082400",https://coti.io,https://mainnet.coti.io/rpc (docs; egress-blocked here). Explorer: https://mainnet.cotiscan.io,DISCARDED,"ALREADY IN OUR PIPELINE AND ALREADY HAS A FRONT DOOR - not a UI-gap lead. Cross-check of the internal DPL sheet: Coti is listed on the integrated/Palmera tab with a live Safe UI at https://multisig.coti.io/welcome (served by Palmera), ~$586,528, owner 'Victor', note 'Added Giulio to a tg group'. So it is already contacted and already has an interface. Belongs to the integrated-networks conversation, not this campaign. (Analogous to Intuition / SANDchain in Caldera.)",Not needed for lead purposes - a Safe UI already exists. (Would be pending RPC access otherwise.),Not needed (UI already live).,"COTI V2 mainnet live ~early 2025 (privacy L2 on Ethereum, Garbled-Circuits gcEVM; migrated from the 2018 DAG L1). (desk)",Shahaf Bar-Geffen - CEO & co-founder - X: @shahafbg. David Assaraf - co-founder & COO. BUT the route is already owned internally by Victor - do not double-contact.,"DIA list. Internal cross-check: ALREADY PRESENT in the DPL sheet (multisig.coti.io, Palmera, Victor, tg group). EVM chain 2632500, on chainlist."
