Project,X handle,Website,Is blockchain?,Own network?,Layer,EVM?,Chain ID,RPC,Stage,Stage date + proof,SDK / stack,Focus / description,TVL,Funding,Recent signal (icebreaker),Safe contracts deployed?,Safe-fit verdict,Safe benefit / angle,3 outreach lines,Full first message (tg style),Confidence & caveats
Nexus (Nexus Labs),@NexusLabs,https://nexus.xyz,Yes,Yes — sovereign L1 (NexusEVM),L1,Yes,Mainnet 3946 / Testnet 3945 (UNVERIFIED snippet — confirm on chainlist),https://mainnet.rpc.nexus.xyz (wss://mainnet.rpc.nexus.xyz); testnet https://testnet.rpc.nexus.xyz,Mainnet live,Mainnet + NEX TGE 2026-04-21. Proof: https://blog.nexus.xyz/the-nexus-roadmap/,Custom L1 (Execution+Consensus+Verifiability) + NexusEVM exec env + Nexus zkVM (Rust),"'Exchange L1' for verifiable finance — on-chain order books/perps, verifiable compute",DefiLlama page exists (defillama.com/protocol/nex) — pull live; not fetched,"~$27.2M total incl. $25M Series A — Lightspeed, Pantera, Dragonfly, SV Angel, Alliance, Faction (theblock.co/post/299432)",Built-in exchange targeted Oct 2026 + USDX T-bill stablecoin (M0) mid-2026; NEX listed DigiFinex. https://blog.nexus.xyz/the-nexus-roadmap/,"YES — 1.3.0 + 1.4.1 (singletons/L2/factories) deployed; 1.5.0 NO. 23 distinct Safe proxies. (safe-check.mjs 2026-09-22, chain 3946)",LIVE SAFE USAGE (23 Safes already created) — prime lead for our aggregated multi-chain UI; confirm they lack a dedicated Safe UI,Nexus ALREADY has 23 Safes in use -> bring Nexus into our shared UI (app.safe.protofire.io) so teams manage them alongside 60+ chains: visibility + one interface; we also offer standalone UI + canonical deployments,"1) 'saw teams are already running Safe multisigs on Nexus (23+ created)' — concrete, verified on-chain
2) 'we aggregate Safe across 60+ chains in one UI — we can add Nexus so your teams manage all of them in one place' — https://app.safe.protofire.io/welcome
3) 'as your exchange + USDX launch, that treasury sits behind Safe in the same interface as the rest of your stack'","hey [name], Vic here — ecosystem growth at Protofire DAO

saw teams are already running Safe multisigs on Nexus (23+ created on-chain)

we're the official Safe partner and aggregate Safe across 60+ chains in one UI — we can add Nexus so your ecosystem manages all their Safes in one place (app.safe.protofire.io), and stand up a dedicated/standalone UI if you'd prefer

open to a group chat with our cto?",High (EVM/L1/funding/stage well-sourced). Verify chainId 3946 + live TVL before pitch.
Shido Network,@ShidoNetwork,https://shido.io,Yes,Yes — L1 (dual EVM+WASM),L1,Yes,9008 (shido_9008-1). Source chainlist.org/chain/9008,https://rpc-nodes.shidoscan.com (confirm live),Mainnet live,Mainnet ~mid-2024; Shidoscan V4 Aug 2024. Proof: https://x.com/ShidoNetwork/status/1819325094952423752 ; defillama.com/chain/shido,Cosmos SDK / Tendermint base + dual EVM+WASM execution,"High-performance L1 for DeFi/payments; native DEX, wallet, crypto card",Low — Shido DEX V3 ~$0.5M (defillama.com/protocol/shido-dex-v3),~$1M reported; Bitgert Ventures (secondary sources — approximate),Ongoing 2026 exchange-listing / ecosystem + crypto-card push (icebreaker: mainnet DEX ecosystem),NO — zero Safe contracts on chain 9008 (all versions NO). (safe-check.mjs 2026-09-22). => fresh-deploy lead,FIT — no Safe infra live yet; deploy from scratch (classic Vic angle),Treasury security for the native DEX/ecosystem; attract LPs; shared-UI visibility; distribute ecosystem rewards via multisig,"1) 'my team noticed Shido's DEX + crypto-card ecosystem is live on your L1' (shows homework)
2) 'as official Safe partner (100+ networks) we can add Safe on Shido and list you in one UI with 60+ chains' — https://app.safe.protofire.io/welcome
3) 'Safe helps your DEX attract big LPs (secure custody) and lets ecosystem teams manage shared treasuries'","hey [name], Vic here from the Protofire DAO Safe team

did some digging on Shido — didn't see Safe multisig infra live on your L1 yet

being the official Safe integration partner (deployed & supported on 100+ chains) we could spin it up in 5-10 days

Safe would give your DEX the secure custody big LPs look for, and let ecosystem teams manage shared treasuries — open to chat?",Medium-high (EVM + chain 9008). Funding/founder from secondary sources.
GIWA (by Upbit/Dunamu),@GIWA_by_Upbit,https://giwa.io,Yes,Yes — Ethereum L2 rollup,L2,Yes,Testnet (GIWA Sepolia) 91342 (VERIFIED chainlist.org/chain/91342). Mainnet id NOT YET (mainnet unlaunched),Testnet https://sepolia-rpc.giwa.io (explorer sepolia-explorer.giwa.io). Mainnet RPC not yet,Testnet live; mainnet pending,"Testnet since 2025-09-09 (UDC); OP Foundation agreement 2026-05-04; mainnet 'coming 2026', no firm date. Proof: coindesk.com/web3/2025/09/09/upbit-parent-dunamu-unveils-layer-2-blockchain-giwa",OP Stack (Optimism); partnered with Optimism Foundation/OP Labs; 1s blocks,Enterprise-grade sovereign L2 by Korea's largest exchange operator (Upbit/Dunamu); 'coinless' (ETH gas),n/a (mainnet not live),Internally funded by Dunamu/Upbit (very well-capitalized) — not a startup raise,Mainnet imminent + Consensus 2026 expansion; OP Foundation agreement May 4 2026 (strong timing icebreaker),"PENDING safe-check (testnet, HIGH priority — Safe on testnet = ready-for-mainnet signal). Re-run after final script.",STRONG FIT (OP Stack L2; we run OP Superchain Safe) — great pre-mainnet timing,Be ready at mainnet day-1 with Safe (we run OP's Superchain Safe); institutional treasury security for an exchange-backed chain; shared-UI listing,"1) 'saw GIWA's on OP Stack and the mainnet's approaching after the Optimism Foundation agreement' — https://www.theblock.co/post/369947 (precise + timely)
2) 'we run OP's Superchain Safe and deploy on 100+ networks — we can have Safe ready for GIWA at mainnet day-1'
3) 'for an exchange-grade L2, Safe is the institutional treasury/custody standard your ecosystem teams will expect'","hey [name], Vic here — ecosystem growth at Protofire DAO

saw GIWA is built on the OP Stack and mainnet's getting close after the Optimism Foundation agreement

we're the official Safe partner and already manage OP's Superchain Safe across 100+ networks — we could have Safe live on GIWA for mainnet day-1 (5-10 days)

for an exchange-grade L2 that's the institutional treasury standard teams expect — open to a group chat with our cto?",High (OP Stack/L2/testnet 91342 verified). Mainnet id/RPC not yet public.
Stripchain,@Stripchain,https://stripchain.xyz,Yes,Yes — its own L3 + intent layer,L3,"Yes — Arbitrum-Orbit L3, self-described 'EVM-compatible'; Blockscout explorer = EVM-only artifact",NOT FOUND (pre-mainnet; no public mainnet chainId) — do not assume,not found (no public rpc.stripchain surfaced). Explorer: https://explorer.stripchain.blockwell.ai (Blockscout),"Testnet live (pre-mainnet, pre-TGE)",New testnet ~2026-07-20; community sale Aug 7-15 2026. Proof: beincrypto.com/the-stripchain-roadshow-unpacked/,Arbitrum Orbit / Arbitrum stack (L3) + proprietary StripVM,Intent-based chain abstraction ('Interoperability 3.0'); StripDEX omnichain app,n/a (pre-mainnet),"~$10.1M — $10M seed led by Sora Ventures (+Hyperithm, Hypersphere, Shima, Mechanism; angels Selkis, Santos). thedefiant.io/news/press-releases/stripchain-raises-10-1m",Aug 2026 community sale + July 2026 multichain testnet (fresh icebreaker),PENDING — needs mainnet chainId/RPC first,"FIT (EVM confirmed — Arbitrum-Orbit L3 + live Blockscout). Testnet stage; engage now, deploy at mainnet. chainId/RPC not yet public",They want mainnet + TVL before TGE → Safe = the security TVL/LPs require; multisig for cross-chain treasury; shared-UI visibility,"1) 'saw the new Stripchain testnet + the ITTC community sale this Aug' — https://ico.stripchain.xyz (timely, specific)
2) 'you've said you want mainnet + TVL before TGE — Safe is the security that unlocks that TVL/LP trust'
3) 'we're official Safe partner on 100+ chains and did standalone deploys (Citrea, BOB) — we can have Safe ready for your Orbit L3 at mainnet'","hey [name], Vic here — ecosystem growth at Protofire DAO

saw the new Stripchain testnet and the community sale — and that you want mainnet + TVL locked before TGE

Safe is the security layer that unlocks that TVL/LP trust; as official Safe partner (100+ networks, incl. standalone deploys like BOB/Citrea) we can have it ready for your Arbitrum-Orbit L3 at mainnet

open to chat?",EVM=YES (strong: 'EVM-compatible' Arbitrum-Orbit L3 + Blockscout explorer.stripchain.blockwell.ai). Exact chainId/RPC not retrievable; funding ~$10.1M (Sora Ventures).
TxFlow L1,@TxFlow_L1,https://txflow.com,Yes,Yes — custom DAG L1,L1,"Yes — TxEVM lane runs Solidity alongside native CLOB engine (TxCore); dual-VM, Hyperliquid-style. Evidence: docs 'TxEVM supports ... Solidity protocols in the same block stream as TxCore'",not found (numeric chainId not published; docs egress-blocked),"not found (no public TxEVM JSON-RPC surfaced). Explorer: app.txflow.com/explorer (native, in-app)",Mainnet live,Mainnet ~2026-03-28. Proof: decrypt.co/362902 ; globenewswire 2026/03/28/3264176,Custom DAG L1 (parallel exec); Arbitrum One↔TxFlow USDC bridge (OpenZeppelin-audited),Community-owned financial L1; perps CLOB DEX + prediction market (Probly),"~$19.07M TVL, ~$2.21B perp vol/30d (defillama.com/protocol/txflow)","None found (claims community-owned, no VC/premine)",OpenZeppelin bridge audit clean (2026-08-26) + Probly prediction market launch. cointelegraph.com/press-releases/txflow-l1-strengthens...,"PENDING — EVM confirmed but need chainId + public RPC to run safe-check (ask them, or read from app explorer)",FIT (EVM confirmed via TxEVM/Solidity; live mainnet 28/03/2026; ~$19M TVL). Blocker: chainId/RPC not public + anonymous team (KYC),Real perp TVL/volume → Safe secures protocol/treasury funds; multisig standard for the DeFi teams building on it; shared-UI visibility,"1) 'saw TxFlow's OpenZeppelin bridge audit came back clean and Probly just launched' — cointelegraph link (very current, technical)
2) 'with ~$2B+ monthly perp volume on the L1, Safe is the multisig your protocol/treasury funds should sit behind'
3) 'official Safe partner on 100+ chains — we can add Safe to TxFlow once we confirm your EVM chainId/RPC'","hey [name], Vic here from the Protofire DAO Safe team

saw TxFlow's OpenZeppelin bridge audit came back clean and Probly just went live

with the perp volume you're doing, Safe is the multisig your treasury + protocol funds should sit behind — we're the official Safe partner across 100+ chains

quick q: is your L1 EVM with a public RPC? if so we can have Safe live fast — open to chat?",EVM=YES (strong: explicit 'TxEVM/Solidity protocols'). chainId/RPC not publicly documented; team anonymous; much coverage is paid PR. Disambiguation: txflow.dev is UNRELATED.
Kryvora Network,@KryvoraNetwork,https://kryvora.network,Yes,Yes — Ethereum L2,L2,Yes,Testnet 73829164 (UNVERIFIED snippet). No mainnet yet,Testnet https://rpc-testnet.kryvora.network (UNVERIFIED),Testnet live,Testnet on Ethereum Sepolia; no mainnet/TGE date. As of Sep 2026. Proof: explorer-testnet.kryvora.network (unverified) / usethebitcoin.com/airdrop/kryvora-network/,Not confirmed ('EVM-equivalent L2' language suggests OP-stack-style — unverified),L2 around 'Genesis Node' verifier infra + points/airdrop (KRV planned),n/a (no mainnet),'$3.4M' claimed (UNVERIFIED marketing); no investors disclosed,Genesis Node licenses on Arbitrum + airdrop/quest campaign (pre-TGE),"PENDING safe-check (testnet, HIGH priority — Safe on testnet = ready-for-mainnet signal). Re-run after final script.","LOW-PRIORITY (testnet, anonymous team, unverified funding)",If it reaches mainnet: Safe for treasury + node-operator reward distribution,"1) 'saw Kryvora's testnet + Genesis Node program running' (light, non-committal)
2) 'when you approach mainnet, Safe is the multisig standard for treasury + node-operator rewards'
3) 'official Safe partner on 100+ chains — happy to be ready when you're mainnet-bound'","hey [name], Vic here — ecosystem growth at Protofire DAO

saw Kryvora's testnet and Genesis Node program

when you're heading to mainnet, we're the official Safe partner (100+ networks) and can have Safe ready for treasury + node-operator reward distribution

worth a chat as you get closer?","Low-med — EVM L2/testnet ok; chainId/RPC/funding unverified, anonymous team."
Orbinum Network,@orbinumnetwork,https://orbinum.network,Yes,Yes — L1 privacy (Substrate+Frontier EVM),L1,Yes,Testnet 2700 (chainlist.org/chain/2700). Mainnet NOT YET,Testnet https://rpc-1.testnet.orbinum.io (UNVERIFIED — confirm on chainlist),Testnet live,Public testnet ~2026-07-16; mainnet/TGE targeted Q4 2026. Proof: docs.orbinum.network/roadmap ; chainlist.org/chain/2700,Substrate (Rust) + Frontier EVM; Groth16 ZK; Hyperbridge fork,"Privacy infra — ZK shielded pools + selective disclosure, EVM-compatible",n/a (testnet),"None found; ambassador+airdrop, Q4 2026 sale",Public testnet launch + ORB airdrop campaign (2026),"PENDING safe-check (testnet, HIGH priority — Safe on testnet = ready-for-mainnet signal). Re-run after final script.","WARM / WATCH (EVM via Frontier, pre-mainnet Q4 2026)",EVM-compatible so Safe ports; be ready for their Q4 mainnet; privacy-chain treasury security,"1) 'saw Orbinum's testnet is live and mainnet's targeted Q4' (specific)
2) 'you're Frontier-EVM so Safe ports cleanly — we can be ready for your mainnet'
3) 'official Safe partner, 100+ chains — Safe secures treasury + is the DeFi standard for an EVM privacy L1'","hey [name], Vic here — ecosystem growth at Protofire DAO

saw Orbinum's testnet is live with mainnet targeted for Q4

since you're Frontier-EVM, Safe ports cleanly — as official Safe partner (100+ networks) we can have it ready for your mainnet day-1 for treasury security

open to chat as you get closer?","Med-high EVM + testnet 2700; mainnet unlaunched, team anonymous."
Magne AI (MHash Chain),@Magne_Ai,https://www.magne.ai,App + own chain,"Yes — own OP-Stack chain 'MHash' (L1+L2), plus hardware/phone",L1+L2,Yes (OP Stack) — chain not yet live,NOT FOUND (chain pre-launch),NOT FOUND,Early / chain pre-launch,Phone unveiled 2025-07-20; $10M round Aug 2025 to build the L1+L2. No MHash mainnet evidence. Proof: bitget.com/news/detail/12560604930773,OP Stack (EVM) for MHash; CC EAL6+ secure element + NPU hardware,AI Web3 smartphone + secure key custody + own OP-Stack chain for mining/identity,n/a,"$10M strategic Aug 2025 — Castrum Capital, DuckDAO, TB Ventures, Becker Ventures",$10M raise to accelerate L1+L2 (Aug 2025) — relationship-building icebreaker,N/A yet (chain not live),"FUTURE FIT (OP Stack) — build relationship, get chainId/roadmap",At MHash launch: Safe (we run OP Superchain Safe) for treasury + hardware-backed custody synergy; shared-UI visibility,"1) 'saw Magne raised $10M to build out the MHash L1+L2 on the OP Stack'
2) 'we run OP's Superchain Safe on 100+ chains — natural fit to have Safe ready when MHash goes live'
3) 'Safe + your secure-element hardware is a strong custody story for treasuries'","hey [name], Vic here — ecosystem growth at Protofire DAO

saw Magne raised $10M to build the MHash L1+L2 on the OP Stack

we run OP's Superchain Safe across 100+ networks — would be a natural fit to have Safe ready when MHash goes live, and it pairs well with your secure-element custody story

worth opening a channel now so we're ready for launch?","Medium — OP Stack (EVM) well-sourced; chain not live, no chainId/RPC/team names."
ACI / ORBAIC Testnet,@ACIToken,https://aci-token.net (testnet: https://aci-token.net/testnet),Yes — EVM testnet (ORBAIC),"Yes — own EVM network (ORBAIC), token ACI",L1 (testnet; faucet needs Sepolia ETH for gas — likely Sepolia-linked/L2-style),Yes — EVM-compatible (MetaMask/OKX/Bitget; chain 88231),88231 (ORBAIC/ACI testnet),Not published in search; resolvable via chainlist by chainId 88231. Block explorer + faucet on aci-token.net/testnet,Testnet live,ACI/ORBAIC testnet live 2026 + 30M ACI airdrop (phase 1). Proof: https://www.coingabbar.com/en/price-prediction/orbaic-testnet-live-aci-price-outlook-mainnet-launch-update ; https://aci-token.net/testnet,EVM-compatible (Sepolia-gas testnet); underlying stack not disclosed,AI + post-quantum-branded EVM chain; token ACI; testnet quests/airdrop,n/a,none found,ACI/ORBAIC testnet live + 30M ACI phase-1 airdrop; mainnet upcoming (coingabbar 2026),"PENDING safe-check (testnet, HIGH priority — Safe on testnet = ready-for-mainnet signal). Re-run after final script.","FIT (EVM testnet, chain 88231), pre-mainnet. CORRECTION: @ACIToken == ORBAIC (same project, not a namesake)",At mainnet: Safe for treasury + the multisig standard DeFi expects; be ready day-1; shared-UI visibility with 60+ chains,"1) 'saw the ACI/ORBAIC testnet is live (chain 88231) with the 30M ACI airdrop' — concrete, on-chain-verifiable
2) 'as you head to mainnet, Safe is the multisig standard — we're the official Safe partner on 100+ chains and can be ready day-1'
3) 'we'd also list you in one UI alongside 60+ networks for instant visibility' — https://app.safe.protofire.io/welcome","hey [name], Vic here — ecosystem growth at Protofire DAO

saw the ACI/ORBAIC testnet is live (chain 88231) and the airdrop's running

as you head to mainnet, Safe is the multisig standard teams expect — we're the official Safe partner (100+ networks) and can have it ready day-1, plus list you in one UI with 60+ chains

open to chat as you approach mainnet?","Med-high EVM (chain 88231 + MetaMask, per coingabbar + aci-token.net/testnet). RPC not pinned; mainnet pending. Corrected earlier 'namesake' note: @ACIToken IS the ORBAIC testnet."
X Pay,@X_Pay_llc,https://x-pay.llc,No — payment gateway app,No — settles on Base,app on Base (L2),Yes (Base),Base mainnet 8453 (its settlement chain; X Pay has none of its own),Base public https://mainnet.base.org,Mainnet live,Live on Base mainnet 2026-09-11. Proof: globenewswire.com/news-release/2026/09/11/3360413,x402 standard; settlement on Base (OP Stack),"Payment layer for AI agents/APIs — pay-per-HTTP-request, stablecoin settle",n/a,"Backed by Credit Scend, Skyland Ventures (amounts undisclosed)",Mainnet launch on Base Sept 11 2026 + agent integrations (fresh icebreaker),Base already has Safe (native + on our shared UI),APP ON BASE — Safe-as-treasury/custody pitch (no new chain),Use Safe (via our shared UI) to custody agent/merchant USDC flows on Base; multisig for treasury + partner payouts,"1) 'saw X Pay went live on mainnet Sep 11 settling USDC on Base' — globenewswire link (very fresh)
2) 'as you move real USDC for agents, Safe multisig is the custody standard — and Base is already on our shared UI (app.safe.protofire.io)'
3) 'we can set up your treasury Safe in days and manage partner payouts through it'","hey [name], Vic here — ecosystem growth at Protofire DAO

saw X Pay went live on mainnet settling real USDC on Base

as you move agent/merchant funds, Safe multisig is the custody standard — Base is already on our shared UI (app.safe.protofire.io), so we can set up your treasury Safe in days and run partner payouts through it

open to chat?",Med-high on nature/stage. Namesake: not Elon 'X Money'/XPAY CMC token.
Gyndore,@Gyndore,https://www.gyndore.com,No — DeFi app on Base,No — on Base,app on Base (L2),Yes (Base),Base 8453 / Base Sepolia 84532 (Gyndore has none itself),Base https://mainnet.base.org ; testnet https://sepolia.base.org,Testnet live,Public testnet on Base Sepolia ~2026. Proof: x.com/Gyndore/article/2091935415561580970 ; gizmotimes.com/.../gyndore-public-testnet-guide,Solidity on Base (OP Stack); built by dev firm 'Ayeteasea',"'Bitcoin liquidity hub of Base' — deposit cbBTC, mint gynUSD, borrow/earn",n/a (testnet),none found,Public testnet + DropWave points/airdrop campaign (2026),Base already has Safe,APP ON BASE — Safe-as-treasury/custody pitch,Safe for protocol treasury + cbBTC collateral custody; multisig magnet for LPs; already on shared UI,"1) 'saw Gyndore's public testnet on Base + the cbBTC/gynUSD model' (specific, shows homework)
2) 'for a BTC-liquidity hub, Safe multisig is the custody standard LPs expect — and Base is already on our shared UI'
3) 'we can stand up your treasury/collateral Safe fast ahead of mainnet'","hey [name], Vic here from the Protofire DAO Safe team

saw Gyndore's public testnet on Base and the cbBTC -> gynUSD model

for a BTC-liquidity hub, Safe is the custody standard LPs expect — Base is already on our shared UI, so we can stand up your treasury/collateral Safe fast ahead of mainnet

open to a group chat?",Med-high (EVM app on Base). Team/funding unknown.
SysFi (sysfiDAO),@sysfiDAO,https://sysfidao.com,No — DAO-infra/DeFi app,No — launches on Base,app on Base (L2),Yes (Base),Base 8453 (SysFi has none; Syscoin NEVM 57 for identity side — verify),Base https://mainnet.base.org,Pre-launch / presale,$SYN presale; TGE date CONFLICTING (tweet 'Nov 25 2025' vs 3rd-party Apr 2026) — verify if TGE happened. Proof: x.com/sysfiDAO/status/1972933524375101634,Solidity app on Base; token factory / DAO deployer,"Deploy-a-DAO in ~60s + DeFi yield, token factory, launchpad, Syscoin identity",n/a,None found (community presale — some outlets flag scam/hype),$SYN presale live (late 2025),Base already has Safe,"APP ON BASE — CAUTION (scam/hype flags, anonymous) — low priority",Safe as the multisig backbone for the DAOs it deploys; treasury custody on Base,"(diligence first — hype/scam flags + anonymous team)
1) if pursued: 'saw SysFi's DAO-deployer on Base' 
2) 'Safe is the multisig those DAOs will need for treasuries'
3) 'Base already on our shared UI'","(hold / diligence first — multiple outlets flag SysFi as hype/possible scam, anonymous team, conflicting TGE date. If it checks out: pitch Safe as the multisig backbone for the DAOs it spins up on Base.)",Medium — clearly EVM app on Base; legitimacy questionable.
StabilizerFi,@StabilizerFi,https://stabilizer.finance,No — stablecoin DEX/AMM app,No — on Sepolia/Arbitrum,app on EVM chains,Yes,"Host chains: Sepolia 11155111 (testnet), Arbitrum One 42161 (verify from their docs)",Host-chain public RPCs,Testnet live,"Multi-phase incentivized testnet (Phase 2) on Sepolia+Arbitrum, ~early/mid 2026. Proof: app.stabilizer.finance/guide",Solidity; constant-sum zero-slippage AMM; USDZ stablecoin,"Zero-slippage, zero-MEV 1:1 stablecoin swaps","Site claims '$24.8M+' (testnet/site figure, NOT DefiLlama-verified)",None found,Phase 2 testnet + Arbitrum expansion (2026),Arbitrum already has Safe,APP (no own chain) — Safe-as-treasury only; namesake-domain risk,Safe multisig as treasury/LP signer on Arbitrum; limited (no chain deployment),"1) 'saw Stabilizer's Phase 2 testnet + Arbitrum expansion'
2) 'Safe multisig is the treasury/LP-custody standard once you're on Arbitrum mainnet'
3) 'Arbitrum's already on our shared UI'","hey [name], Vic here — ecosystem growth at Protofire DAO

saw Stabilizer's Phase 2 testnet and the Arbitrum expansion

once you're on Arbitrum mainnet, Safe is the treasury/LP-custody standard — Arbitrum's already on our shared UI so it's quick to set up

open to chat?  (also: confirming stabilizer.finance is your official domain — a few lookalikes out there)",Medium — EVM app; namesake-domain risk; anonymous team.
Acepyr,@acepyr,https://www.acepyr.com/home,No — off-chain app (dormant Base mirror),No,"app (Base Sepolia mirror, currently OFF)","Yes (Base, when on)",Base Sepolia 84532 (mirror OFF); no Acepyr chainId,n/a (off-chain DB now),Testnet (off-chain points),"Off-chain testnet; mainnet not launched, conversion 'not guaranteed'. Proof: docs.acepyr.com/docs/legal/terms-of-service",Off-chain platform; on-chain would be Base (OP Stack),Prediction/forecasting markets + enterprise offering,n/a,none found,Waitlist/airdrop + enterprise product (2026),N/A now (off-chain); Base has Safe if they go on-chain,FUTURE / LOW — only relevant if they deploy on Base mainnet,If they go on-chain on Base: Safe for market/treasury custody,"(low priority — off-chain today)
1) 'saw Acepyr's prediction markets + enterprise product'
2) 'when you bring markets on-chain to Base, Safe is the custody standard'
3) 'Base already on our shared UI'",(low priority — currently off-chain with a dormant Base mirror. Revisit when/if they deploy on Base mainnet; then pitch Safe for market/treasury custody.),Medium — clearly off-chain now; on-chain plans unconfirmed.
Unicity Labs,@unicity_labs,https://github.com/unicitynetwork,Yes,Yes — own chain,Custom L1 (Bitcoin-fork),No,N/A (non-EVM),N/A (non-EVM),Early / protocol dev,$3M seed Feb 2026. Proof: prnewswire.com/apac/news-releases/...302692740.html,"Bitcoin-fork consensus (C++, RandomX+BFT+SMT) + off-chain state transition — not EVM",Infra for autonomous AI agents (P2P off-chain settlement),n/a,"$3M seed — Blockchange Ventures, Outlier Ventures, Tawasal; team ex-Guardtime (Mike Gault)",$3M seed + Swiss foundation (Feb 2026),N/A — non-EVM (Safe/Solidity cannot deploy),NOT A FIT (non-EVM),N/A — Safe is EVM-only; cannot deploy natively,N/A (non-EVM — skip for Safe),(skip — non-EVM chain; Safe cannot deploy. Revisit only if they ship an EVM execution layer.),Medium — non-EVM well-supported by architecture.
Talus Network,@Talus_Labs,https://talus.network,Yes,Yes — own chain,L1 (Sui/Move),No,N/A (non-EVM),N/A (non-EVM),Testnet live; mainnet ~Q1 2026,Testnet Sep 2025; mainnet targeted early 2026 (confirm). Proof: decrypt.co/341976,"Built on Sui/Move (Move VM), storage on Walrus — not EVM","L1 for autonomous on-chain AI agents ('Prediction AI', Idol.fun)",n/a,"~$9-10M — Polychain (seed lead), Animoca, Foresight; Sui Foundation+Walrus (Sep 29 2025)",Sui Foundation + Walrus strategic investment (Sep 29 2025),N/A — non-EVM (Safe/Solidity cannot deploy),NOT A FIT (non-EVM),N/A — Safe is EVM-only; cannot deploy natively,N/A (non-EVM — skip for Safe),(skip — non-EVM chain; Safe cannot deploy. Revisit only if they ship an EVM execution layer.),High non-EVM (Sui/Move).
Retium Chain,@RetiumChain,https://retium.org,Yes,Yes — own chain,Custom L1 (Rust),No,N/A (non-EVM),N/A (non-EVM),Testnet live,Testnet+wallet 2026-08-01; validator testnet ~Mar 2027. Proof: egamers.io/retiums-public-testnet-goes-live...,"From-scratch Rust L1 ('Proof of Math', prime-number architecture) — not EVM","General-purpose L1 pitched on 'mathematical logic' (RWA, gaming, DeFi)",n/a,None (no token sale by design),'Tokenomics finalised' (2026),N/A — non-EVM (Safe/Solidity cannot deploy),NOT A FIT (non-EVM),N/A — Safe is EVM-only; cannot deploy natively,N/A (non-EVM — skip for Safe),(skip — non-EVM chain; Safe cannot deploy. Revisit only if they ship an EVM execution layer.),High non-EVM; heavy marketing — verify.
Nomisma Network,@NomismaNetwork,https://nomisma.network,Yes,Yes — own chain,L1 subchain on Chromia,No,N/A (non-EVM),N/A (non-EVM),Testnet / early,Testnet + S3 Nomizen quests (2026). Proof: nomisma.network/quests,"Chromia subchain, Rell language (relational), not EVM; only bridges to EVM",AI-driven DeFi L1 for big-data/SQL-like on-chain queries,n/a,None found,Season 3 'Nomizen ID and Quests' airdrop (2026),N/A — non-EVM (Safe/Solidity cannot deploy),NOT A FIT (non-EVM),N/A — Safe is EVM-only; cannot deploy natively,N/A (non-EVM — skip for Safe),(skip — non-EVM chain; Safe cannot deploy. Revisit only if they ship an EVM execution layer.),Med-high non-EVM (Chromia/Rell); namesake caution.
Asentum,@Asentum,https://www.asentum.com,Yes,Yes — own chain,"L1 (JS VM, post-quantum)",No,N/A (non-EVM),N/A (non-EVM),Testnet live + presale,Testnet 2026-04-30; $ASE presale May 2026; mainnet pending. Proof: globenewswire 2026/04/30/3285129,Custom L1: JavaScript smart-contract VM + Tendermint BFT + post-quantum crypto — not EVM ($ASE is only an ERC-20 placeholder on Ethereum),"Post-quantum L1 with JS contracts, validators on consumer hardware",n/a,Public $ASE presale (no VC round found),Testnet (Apr 30 2026) + presale (May 2026),N/A — non-EVM (Safe/Solidity cannot deploy),NOT A FIT (non-EVM),N/A — Safe is EVM-only; cannot deploy natively,N/A (non-EVM — skip for Safe),(skip — non-EVM chain; Safe cannot deploy. Revisit only if they ship an EVM execution layer.),Med-high non-EVM (JS VM).
Gno.land,@_gnoland,https://gno.land,Yes,Yes — own chain,L1 (GnoVM),No,N/A (non-EVM),N/A (non-EVM),Mainnet live,Full mainnet 'gnoland-1' 2026-09-12 (beta 2026-03-25). Proof: einpresswire.com/article/943210544,GnoVM running Gno (Go-derived) on Tendermint2 — not EVM; chainId is string 'gnoland-1',Go-based smart-contract L1 with human-readable on-chain code + GovDAO,n/a,AiB/Jae Kwon; GNOT auction ~$1.18M (Aug 2026); listed KuCoin/Kraken,Mainnet live Sep 12 2026 + GNOT listings,N/A — non-EVM (Safe/Solidity cannot deploy),NOT A FIT (non-EVM),N/A — Safe is EVM-only; cannot deploy natively,N/A (non-EVM — skip for Safe),(skip — non-EVM chain; Safe cannot deploy. Revisit only if they ship an EVM execution layer.),High non-EVM (GnoVM).
Zano,@zano_project,https://zano.org,Yes,Yes — own chain,L1 (CryptoNote privacy),No,N/A (non-EVM),N/A (non-EVM),Mainnet live (L1 since 2019),HF6 ~2026-08-25 (gateway addresses). EVM sidechain not public yet. Proof: blog.zano.org/zano-monthly-project-update-23-august-2026/,"CryptoNote/UTXO privacy L1 (C++), no general smart contracts — not EVM. NOTE: an EVM 'Execution Layer' sidechain is roadmap-only (testnet Q3'26, mainnet Q4'26)",Privacy-by-default L1; confidential payments/assets; EVM sidechain planned,n/a,Self-funded/community (no VC),HF6 opening chain to exchanges/bridges/DEXes (Aug 2026) + EVM sidechain roadmap,N/A — non-EVM (Safe/Solidity cannot deploy),NOT A FIT (non-EVM),N/A — Safe is EVM-only; cannot deploy natively,N/A (non-EVM — skip for Safe),(skip — non-EVM chain; Safe cannot deploy. Revisit only if they ship an EVM execution layer.),High non-EVM L1; EVM sidechain unshipped — revisit when it launches.
Stellar,@StellarOrg,https://stellar.org,Yes,Yes — own chain,L1 (Soroban/Wasm),No,N/A (non-EVM),N/A (non-EVM),Mainnet live (since 2015; Soroban 2024),Soroban mainnet 2024; TVL ATH ~$235M Apr 2026. Proof: blockworks.com/news/stellar-soroban-smart-contract-update,"Soroban smart contracts on a Wasm runtime (Rust), consensus SCP — deliberately NOT EVM (no EIP-155 chainId)",Payments + tokenization/RWA + cross-border settlement; Soroban DeFi,~$161-235M range 2026 (DefiLlama; Blend lending >$80M),Backed by non-profit Stellar Development Foundation (no VC-round model),Soroban TVL ATH ~$235M (Apr 30 2026); RWA/DeFi growth,N/A — non-EVM (Safe/Solidity cannot deploy),NOT A FIT (non-EVM),N/A — Safe is EVM-only; cannot deploy natively,N/A (non-EVM — skip for Safe),(skip — non-EVM chain; Safe cannot deploy. Revisit only if they ship an EVM execution layer.),High non-EVM (definitive). CEO Denelle Dixon (verified).
Chromia,@Chromia,https://chromia.com,Yes,Yes — own chain,L1 (Postchain/Rell),No,N/A (non-EVM),N/A (non-EVM),Mainnet live,MVP mainnet 2024-07-16; full Sept 2024. Proof: blog.chromia.com/chromia-update-sept-2024/,"Rell (relational DSL) on Postchain, chains identified by blockchain RID (not numeric chainId) — not EVM; EVM only via EIF bridge",Repositioned as 'security data layer for AI agents'; relational dapps/gaming heritage,Small (e.g. ColorPool DEX ~$308K),"ChromaWay ~$3M private (2018, NGC/FBG/DFG) + KuCoin Spotlight; Binance Labs; Animoca",AI-agent pivot 2026 (Clawchain.ai on Chromia),N/A — non-EVM (Safe/Solidity cannot deploy),NOT A FIT (non-EVM),N/A — Safe is EVM-only; cannot deploy natively,N/A (non-EVM — skip for Safe),(skip — non-EVM chain; Safe cannot deploy. Revisit only if they ship an EVM execution layer.),High non-EVM (Rell/Postchain).
QMS Network,@QMSNetwork,https://qms.finance,Yes,Yes — own chain,"L1 (post-quantum, PoUW)",No,N/A (non-EVM),N/A (non-EVM),Pre-testnet / testnet-imminent,'Quanta' rewards pre-testnet + beta waitlist (2026); no firm date. Proof: qms.finance,"Signature-free, quantum-resistant consensus + Proof-of-Useful-Work — inconsistent with EVM/ECDSA; no EVM/Solidity claim found (likely non-EVM, UNVERIFIED)","Post-quantum, signature-free L1 using PoUW (miners solve optimization problems)",n/a,None found,'Quanta' community program + beta testnet waitlist (2026),N/A — non-EVM (Safe/Solidity cannot deploy),NOT A FIT (non-EVM),N/A — Safe is EVM-only; cannot deploy natively,N/A (non-EVM — skip for Safe),(skip — non-EVM chain; Safe cannot deploy. Revisit only if they ship an EVM execution layer.),Low-med — EVM unverified but design points non-EVM; confirm before pursuing.
Awarizon,@awarizon,https://developer.awarizon.com,Yes — EVM-native (runs own testnet + positions as multichain infra),Ambiguous: markets as L1 'Layer D' AND 'deploy across every major EVM chain'; operates own testnet (testnet.awarizon.com),EVM-native app-distribution layer / L1,Yes — EVM-native (site states 'EVM_NATIVE'; testnet bot uses eth_account / Sign-In-With-Ethereum = Ethereum keys),Not found (no numeric chainId surfaced),"wss://testnet.awarizon.com (testnet), wss://rpc.awarizon.com (mainnet) — WebSocket; on-chain also brokered via api.awarizon.com/api/v1. Explorer rizscan.awarizon.com; faucet.awarizon.com",Testnet live (viability ambiguous),Public testnet + faucet 2026; Creators Program ~2026-07-06. Proof: https://developer.awarizon.com/docs ; https://awarizon.com/infrastructure ; https://x.com/awarizon,EVM-native (Ethereum keys/SIWE); full stack not disclosed,EVM-native app-distribution / onboarding layer ('Layer D'); learn-to-earn quests; token $RIZ,n/a,none found,Creators Program (~Jul 6 2026),PENDING — need a numeric chainId + HTTP(S) RPC (only WS surfaced); can't safe-check yet,EVM-NATIVE (confirmed via site 'EVM_NATIVE' + eth_account SIWE) — Safe-compatible; confirm if own chain (deploy Safe) vs multichain infra (Safe already on those chains),EVM-native -> Safe fits. If own chain: deploy Safe for treasury + node/creator reward distribution. If multichain infra: manage all their target EVM chains' Safes in our one UI,"1) 'saw Awarizon is EVM-native and running a live testnet + faucet' — https://awarizon.com/infrastructure (uses their own positioning)
2) 'as an EVM-native app-distribution layer, Safe is the multisig your ecosystem + creator rewards should sit behind'
3) 'official Safe partner on 100+ chains — one UI for all the EVM networks you touch' — https://app.safe.protofire.io/welcome","hey [name], Vic here — ecosystem growth at Protofire DAO

saw Awarizon is EVM-native with a live testnet + faucet

as an EVM-native app-distribution layer, Safe is the multisig your ecosystem funds + creator rewards should sit behind — we're the official Safe partner across 100+ chains and can run it on your network (or across the EVM chains you deploy on) in one UI

quick q so we scope it right: does Awarizon run its own chain with a chainId, or deploy across existing EVM chains? open to chat?",Med-high EVM (site 'EVM_NATIVE' + eth_account SIWE in testnet bot). chainId/HTTP RPC not surfaced (only WS); own-chain vs multichain-infra unresolved — the message asks them directly.
Nexchain,@nexchain_ai,https://nexchain.ai,Yes — AI L1; EVM testnet LIVE (Avalanche subnet-EVM),Claims own L1 (not live),L1 (claimed),Yes — REAL (not marketing): Avalanche subnet-EVM testnet + Solidity/Foundry/OpenZeppelin repos (github.com/Nexchain) + Blockscout + ERC-20 presale token,not found (subnet-EVM RPC unreachable here to probe eth_chainId),Testnet (official @nexchain_ai): http://18.223.195.145:22277/ext/bc/yamQeNeJaKokoZJjD64eiHdt3AxJUT3ak2gL85cyBU6Zym8d2/rpc . Portal/faucet: https://testnet.nexchain.ai ; Blockscout explorer,Pre-launch (presale + testnet),Testnet 2025; mainnet targeted Q4. Proof: crypto-economy.com/nexchain-reports-10m-presale-testnet-launch...,Avalanche subnet-EVM (the /ext/bc/<id>/rpc path is the subnet-EVM signature); Foundry/Solidity 0.8.20/OpenZeppelin,Marketed AI-powered L1,n/a,Presale ~$18.4M retail (NOT VC); CertiK 'verified' (not full audit),CertiK listing + roadmap revamp (weak),"PENDING safe-check (testnet, HIGH priority — Safe on testnet = ready-for-mainnet signal). Re-run after final script.","EVM REAL, but PRESALE-stage token + live testnet only (no mainnet). Revisit at mainnet; caution: retail-funded presale (~$18.4M), team unverified",TBD,(hold — no live chain),"(skip for now — presale-stage, no live mainnet/chainId/RPC, EVM unverified, hallmarks of a marketing-heavy ICO. Revisit only if a verifiable EVM mainnet ships.)",EVM=YES & real (subnet-EVM + Foundry/Solidity repos + Blockscout + ERC-20 0x9a5b33...26fe). chainId unverified (RPC blocked here). Presale/ICO caution remains. Namesake vs Nexus(NEX).
Fontana,@FontanaEcoTem,NOT FOUND,UNKNOWN,unknown,?,UNKNOWN,not found,not found,not found,No verifiable info found,not found,unknown,n/a,none found,none found,N/A — cannot assess,UNIDENTIFIED — need a direct link from the client,TBD,(hold — cannot identify the project),(cannot proceed — no verifiable info tied to @FontanaEcoTem; collides with unrelated namesakes (Art Blocks 'Fontana' NFT; a Solana SPL tool). Please send their site/docs/contract so I can research.),Low — ~10 searches found nothing verifiable for this handle.
